2026-08-09T21:06:37.274Z INFO @wdio/local-runner: Run worker command: run
2026-08-09T21:06:37.475Z INFO webdriver: Initiate new session using the WebDriver protocol
2026-08-09T21:06:37.475Z INFO @wdio/utils: Connecting to existing driver at http://127.0.0.1:62498/
2026-08-09T21:06:37.483Z INFO webdriver: [POST] http://127.0.0.1:62498/session
2026-08-09T21:06:43.433Z INFO webdriver: COMMAND setTimeouts(3000, 60000, 60000)
2026-08-09T21:06:43.434Z INFO webdriver: [POST] http://127.0.0.1:62498/session/2f86e85f-809c-4ff1-ba65-abad4d12ecf3/timeouts
2026-08-09T21:06:43.434Z INFO webdriver: DATA { implicit: 3000, pageLoad: 60000, script: 60000 }
2026-08-09T21:06:43.442Z WARN webdriver: WebDriverError: Not implemented yet for script. when running "timeouts" with method "POST" and args "{"implicit":3000,"pageLoad":60000,"script":60000}"
2026-08-09T21:06:43.442Z INFO webdriver: Retrying 1/3
2026-08-09T21:06:43.442Z INFO webdriver: [POST] http://127.0.0.1:62498/session/2f86e85f-809c-4ff1-ba65-abad4d12ecf3/timeouts
2026-08-09T21:06:43.442Z INFO webdriver: DATA { implicit: 3000, pageLoad: 60000, script: 60000 }
2026-08-09T21:06:43.951Z WARN webdriver: WebDriverError: Not implemented yet for script. when running "timeouts" with method "POST" and args "{"implicit":3000,"pageLoad":60000,"script":60000}"
2026-08-09T21:06:43.951Z INFO webdriver: Retrying 2/3
2026-08-09T21:06:43.951Z INFO webdriver: [POST] http://127.0.0.1:62498/session/2f86e85f-809c-4ff1-ba65-abad4d12ecf3/timeouts
2026-08-09T21:06:43.951Z INFO webdriver: DATA { implicit: 3000, pageLoad: 60000, script: 60000 }
2026-08-09T21:06:44.969Z WARN webdriver: WebDriverError: Not implemented yet for script. when running "timeouts" with method "POST" and args "{"implicit":3000,"pageLoad":60000,"script":60000}"
2026-08-09T21:06:44.969Z INFO webdriver: Retrying 3/3
2026-08-09T21:06:44.969Z INFO webdriver: [POST] http://127.0.0.1:62498/session/2f86e85f-809c-4ff1-ba65-abad4d12ecf3/timeouts
2026-08-09T21:06:44.969Z INFO webdriver: DATA { implicit: 3000, pageLoad: 60000, script: 60000 }
2026-08-09T21:06:44.974Z ERROR webdriver: WebDriverError: Not implemented yet for script. when running "timeouts" with method "POST" and args "{"implicit":3000,"pageLoad":60000,"script":60000}"
2026-08-09T21:06:44.987Z ERROR @wdio/utils:shim: unknown method: WebDriverError: Not implemented yet for script. when running "timeouts" with method "POST" and args "{"implicit":3000,"pageLoad":60000,"script":60000}"
    at FetchRequest._request (file:///C:/Users/Pedro/Desktop/repositorio/ATD_Mod17-Mobile/node_modules/webdriver/build/node.js:1968:19)
    at process.processTicksAndRejections (node:internal/process/task_queues:105:5)
    at async Browser.wrapCommandFn (C:\Users\Pedro\Desktop\repositorio\ATD_Mod17-Mobile\node_modules\@wdio\utils\build\index.js:982:23)
    at async Browser.wrapCommandFn (C:\Users\Pedro\Desktop\repositorio\ATD_Mod17-Mobile\node_modules\@wdio\utils\build\index.js:982:23)
    at async Object.before (file:///C:/Users/Pedro/Desktop/repositorio/ATD_Mod17-Mobile/wdio.conf.js:69:9)
    at async Promise.all (index 0)
    at async executeHooksWithArgs (C:\Users\Pedro\Desktop\repositorio\ATD_Mod17-Mobile\node_modules\@wdio\utils\build\index.js:965:18)
    at async Runner.run (file:///C:/Users/Pedro/Desktop/repositorio/ATD_Mod17-Mobile/node_modules/@wdio/runner/build/index.js:711:5)
2026-08-09T21:06:44.999Z INFO webdriver: COMMAND findElement("xpath", "//*[@resource-id="tab-profile"]/..")
2026-08-09T21:06:44.999Z INFO webdriver: [POST] http://127.0.0.1:62498/session/2f86e85f-809c-4ff1-ba65-abad4d12ecf3/element
2026-08-09T21:06:44.999Z INFO webdriver: DATA { using: 'xpath', value: '//*[@resource-id="tab-profile"]/..' }
2026-08-09T21:06:46.620Z INFO webdriver: RESULT {
  'element-6066-11e4-a52e-4f735466cecf': '00000000-0000-0269-ffff-ffff00000044',
  ELEMENT: '00000000-0000-0269-ffff-ffff00000044'
}
2026-08-09T21:06:46.626Z INFO webdriver: COMMAND isElementDisplayed("00000000-0000-0269-ffff-ffff00000044")
2026-08-09T21:06:46.627Z INFO webdriver: [GET] http://127.0.0.1:62498/session/2f86e85f-809c-4ff1-ba65-abad4d12ecf3/element/00000000-0000-0269-ffff-ffff00000044/displayed
2026-08-09T21:06:46.647Z INFO webdriver: RESULT true
2026-08-09T21:06:46.648Z INFO webdriver: COMMAND elementClick("00000000-0000-0269-ffff-ffff00000044")
2026-08-09T21:06:46.648Z INFO webdriver: [POST] http://127.0.0.1:62498/session/2f86e85f-809c-4ff1-ba65-abad4d12ecf3/element/00000000-0000-0269-ffff-ffff00000044/click
2026-08-09T21:06:46.742Z INFO webdriver: RESULT null
2026-08-09T21:06:46.743Z INFO webdriver: COMMAND findElement("-android uiautomator", "new UiSelector().resourceId("email")")
2026-08-09T21:06:46.743Z INFO webdriver: [POST] http://127.0.0.1:62498/session/2f86e85f-809c-4ff1-ba65-abad4d12ecf3/element
2026-08-09T21:06:46.743Z INFO webdriver: DATA {
  using: '-android uiautomator',
  value: 'new UiSelector().resourceId("email")'
}
2026-08-09T21:06:46.871Z INFO webdriver: RESULT {
  error: 'no such element',
  message: 'An element could not be located on the page using the given search parameters.',
  stacktrace: 'NoSuchElementError: An element could not be located on the page using the given search parameters.\n' +
    '    at AndroidUiautomator2Driver.findElOrEls (C:\\Users\\Pedro\\Desktop\\repositorio\\ATD_Mod17-Mobile\\node_modules\\appium-uiautomator2-driver\\node_modules\\appium-android-driver\\lib\\commands\\find.ts:86:11)\n' +
    '    at processTicksAndRejections (node:internal/process/task_queues:105:5)\n' +
    '    at AndroidUiautomator2Driver.findElOrElsWithProcessing (C:\\Users\\Pedro\\Desktop\\repositorio\\ATD_Mod17-Mobile\\node_modules\\@appium\\base-driver\\lib\\basedriver\\commands\\find.ts:60:12)\n' +
    '    at AndroidUiautomator2Driver.findElement (C:\\Users\\Pedro\\Desktop\\repositorio\\ATD_Mod17-Mobile\\node_modules\\@appium\\base-driver\\lib\\basedriver\\commands\\find.ts:76:12)\n' +
    '    at runCommandPromise (C:\\Users\\Pedro\\Desktop\\repositorio\\ATD_Mod17-Mobile\\node_modules\\@appium\\base-driver\\lib\\basedriver\\driver.ts:123:16)'
}
2026-08-09T21:06:46.875Z INFO webdriver: COMMAND findElement("-android uiautomator", "new UiSelector().resourceId("email")")
2026-08-09T21:06:46.875Z INFO webdriver: [POST] http://127.0.0.1:62498/session/2f86e85f-809c-4ff1-ba65-abad4d12ecf3/element
2026-08-09T21:06:46.875Z INFO webdriver: DATA {
  using: '-android uiautomator',
  value: 'new UiSelector().resourceId("email")'
}
2026-08-09T21:06:47.033Z INFO webdriver: RESULT {
  error: 'no such element',
  message: 'An element could not be located on the page using the given search parameters.',
  stacktrace: 'NoSuchElementError: An element could not be located on the page using the given search parameters.\n' +
    '    at AndroidUiautomator2Driver.findElOrEls (C:\\Users\\Pedro\\Desktop\\repositorio\\ATD_Mod17-Mobile\\node_modules\\appium-uiautomator2-driver\\node_modules\\appium-android-driver\\lib\\commands\\find.ts:86:11)\n' +
    '    at processTicksAndRejections (node:internal/process/task_queues:105:5)\n' +
    '    at AndroidUiautomator2Driver.findElOrElsWithProcessing (C:\\Users\\Pedro\\Desktop\\repositorio\\ATD_Mod17-Mobile\\node_modules\\@appium\\base-driver\\lib\\basedriver\\commands\\find.ts:60:12)\n' +
    '    at AndroidUiautomator2Driver.findElement (C:\\Users\\Pedro\\Desktop\\repositorio\\ATD_Mod17-Mobile\\node_modules\\@appium\\base-driver\\lib\\basedriver\\commands\\find.ts:76:12)\n' +
    '    at runCommandPromise (C:\\Users\\Pedro\\Desktop\\repositorio\\ATD_Mod17-Mobile\\node_modules\\@appium\\base-driver\\lib\\basedriver\\driver.ts:123:16)'
}
2026-08-09T21:06:47.051Z INFO webdriver: COMMAND findElement("-android uiautomator", "new UiSelector().resourceId("email")")
2026-08-09T21:06:47.051Z INFO webdriver: [POST] http://127.0.0.1:62498/session/2f86e85f-809c-4ff1-ba65-abad4d12ecf3/element
2026-08-09T21:06:47.051Z INFO webdriver: DATA {
  using: '-android uiautomator',
  value: 'new UiSelector().resourceId("email")'
}
2026-08-09T21:06:47.166Z INFO webdriver: RESULT {
  error: 'no such element',
  message: 'An element could not be located on the page using the given search parameters.',
  stacktrace: 'NoSuchElementError: An element could not be located on the page using the given search parameters.\n' +
    '    at AndroidUiautomator2Driver.findElOrEls (C:\\Users\\Pedro\\Desktop\\repositorio\\ATD_Mod17-Mobile\\node_modules\\appium-uiautomator2-driver\\node_modules\\appium-android-driver\\lib\\commands\\find.ts:86:11)\n' +
    '    at processTicksAndRejections (node:internal/process/task_queues:105:5)\n' +
    '    at AndroidUiautomator2Driver.findElOrElsWithProcessing (C:\\Users\\Pedro\\Desktop\\repositorio\\ATD_Mod17-Mobile\\node_modules\\@appium\\base-driver\\lib\\basedriver\\commands\\find.ts:60:12)\n' +
    '    at AndroidUiautomator2Driver.findElement (C:\\Users\\Pedro\\Desktop\\repositorio\\ATD_Mod17-Mobile\\node_modules\\@appium\\base-driver\\lib\\basedriver\\commands\\find.ts:76:12)\n' +
    '    at runCommandPromise (C:\\Users\\Pedro\\Desktop\\repositorio\\ATD_Mod17-Mobile\\node_modules\\@appium\\base-driver\\lib\\basedriver\\driver.ts:123:16)'
}
2026-08-09T21:06:47.175Z INFO webdriver: COMMAND findElement("-android uiautomator", "new UiSelector().resourceId("email")")
2026-08-09T21:06:47.175Z INFO webdriver: [POST] http://127.0.0.1:62498/session/2f86e85f-809c-4ff1-ba65-abad4d12ecf3/element
2026-08-09T21:06:47.175Z INFO webdriver: DATA {
  using: '-android uiautomator',
  value: 'new UiSelector().resourceId("email")'
}
2026-08-09T21:06:47.268Z INFO webdriver: RESULT {
  error: 'no such element',
  message: 'An element could not be located on the page using the given search parameters.',
  stacktrace: 'NoSuchElementError: An element could not be located on the page using the given search parameters.\n' +
    '    at AndroidUiautomator2Driver.findElOrEls (C:\\Users\\Pedro\\Desktop\\repositorio\\ATD_Mod17-Mobile\\node_modules\\appium-uiautomator2-driver\\node_modules\\appium-android-driver\\lib\\commands\\find.ts:86:11)\n' +
    '    at processTicksAndRejections (node:internal/process/task_queues:105:5)\n' +
    '    at AndroidUiautomator2Driver.findElOrElsWithProcessing (C:\\Users\\Pedro\\Desktop\\repositorio\\ATD_Mod17-Mobile\\node_modules\\@appium\\base-driver\\lib\\basedriver\\commands\\find.ts:60:12)\n' +
    '    at AndroidUiautomator2Driver.findElement (C:\\Users\\Pedro\\Desktop\\repositorio\\ATD_Mod17-Mobile\\node_modules\\@appium\\base-driver\\lib\\basedriver\\commands\\find.ts:76:12)\n' +
    '    at runCommandPromise (C:\\Users\\Pedro\\Desktop\\repositorio\\ATD_Mod17-Mobile\\node_modules\\@appium\\base-driver\\lib\\basedriver\\driver.ts:123:16)'
}
2026-08-09T21:06:47.284Z INFO webdriver: COMMAND findElement("-android uiautomator", "new UiSelector().resourceId("email")")
2026-08-09T21:06:47.284Z INFO webdriver: [POST] http://127.0.0.1:62498/session/2f86e85f-809c-4ff1-ba65-abad4d12ecf3/element
2026-08-09T21:06:47.284Z INFO webdriver: DATA {
  using: '-android uiautomator',
  value: 'new UiSelector().resourceId("email")'
}
2026-08-09T21:06:47.421Z INFO webdriver: RESULT {
  error: 'no such element',
  message: 'An element could not be located on the page using the given search parameters.',
  stacktrace: 'NoSuchElementError: An element could not be located on the page using the given search parameters.\n' +
    '    at AndroidUiautomator2Driver.findElOrEls (C:\\Users\\Pedro\\Desktop\\repositorio\\ATD_Mod17-Mobile\\node_modules\\appium-uiautomator2-driver\\node_modules\\appium-android-driver\\lib\\commands\\find.ts:86:11)\n' +
    '    at processTicksAndRejections (node:internal/process/task_queues:105:5)\n' +
    '    at AndroidUiautomator2Driver.findElOrElsWithProcessing (C:\\Users\\Pedro\\Desktop\\repositorio\\ATD_Mod17-Mobile\\node_modules\\@appium\\base-driver\\lib\\basedriver\\commands\\find.ts:60:12)\n' +
    '    at AndroidUiautomator2Driver.findElement (C:\\Users\\Pedro\\Desktop\\repositorio\\ATD_Mod17-Mobile\\node_modules\\@appium\\base-driver\\lib\\basedriver\\commands\\find.ts:76:12)\n' +
    '    at runCommandPromise (C:\\Users\\Pedro\\Desktop\\repositorio\\ATD_Mod17-Mobile\\node_modules\\@appium\\base-driver\\lib\\basedriver\\driver.ts:123:16)'
}
2026-08-09T21:06:47.426Z INFO webdriver: COMMAND findElement("-android uiautomator", "new UiSelector().resourceId("email")")
2026-08-09T21:06:47.426Z INFO webdriver: [POST] http://127.0.0.1:62498/session/2f86e85f-809c-4ff1-ba65-abad4d12ecf3/element
2026-08-09T21:06:47.426Z INFO webdriver: DATA {
  using: '-android uiautomator',
  value: 'new UiSelector().resourceId("email")'
}
2026-08-09T21:06:47.533Z INFO webdriver: RESULT {
  error: 'no such element',
  message: 'An element could not be located on the page using the given search parameters.',
  stacktrace: 'NoSuchElementError: An element could not be located on the page using the given search parameters.\n' +
    '    at AndroidUiautomator2Driver.findElOrEls (C:\\Users\\Pedro\\Desktop\\repositorio\\ATD_Mod17-Mobile\\node_modules\\appium-uiautomator2-driver\\node_modules\\appium-android-driver\\lib\\commands\\find.ts:86:11)\n' +
    '    at processTicksAndRejections (node:internal/process/task_queues:105:5)\n' +
    '    at AndroidUiautomator2Driver.findElOrElsWithProcessing (C:\\Users\\Pedro\\Desktop\\repositorio\\ATD_Mod17-Mobile\\node_modules\\@appium\\base-driver\\lib\\basedriver\\commands\\find.ts:60:12)\n' +
    '    at AndroidUiautomator2Driver.findElement (C:\\Users\\Pedro\\Desktop\\repositorio\\ATD_Mod17-Mobile\\node_modules\\@appium\\base-driver\\lib\\basedriver\\commands\\find.ts:76:12)\n' +
    '    at runCommandPromise (C:\\Users\\Pedro\\Desktop\\repositorio\\ATD_Mod17-Mobile\\node_modules\\@appium\\base-driver\\lib\\basedriver\\driver.ts:123:16)'
}
2026-08-09T21:06:47.551Z INFO webdriver: COMMAND findElement("-android uiautomator", "new UiSelector().resourceId("email")")
2026-08-09T21:06:47.551Z INFO webdriver: [POST] http://127.0.0.1:62498/session/2f86e85f-809c-4ff1-ba65-abad4d12ecf3/element
2026-08-09T21:06:47.551Z INFO webdriver: DATA {
  using: '-android uiautomator',
  value: 'new UiSelector().resourceId("email")'
}
2026-08-09T21:06:47.629Z INFO webdriver: RESULT {
  error: 'no such element',
  message: 'An element could not be located on the page using the given search parameters.',
  stacktrace: 'NoSuchElementError: An element could not be located on the page using the given search parameters.\n' +
    '    at AndroidUiautomator2Driver.findElOrEls (C:\\Users\\Pedro\\Desktop\\repositorio\\ATD_Mod17-Mobile\\node_modules\\appium-uiautomator2-driver\\node_modules\\appium-android-driver\\lib\\commands\\find.ts:86:11)\n' +
    '    at processTicksAndRejections (node:internal/process/task_queues:105:5)\n' +
    '    at AndroidUiautomator2Driver.findElOrElsWithProcessing (C:\\Users\\Pedro\\Desktop\\repositorio\\ATD_Mod17-Mobile\\node_modules\\@appium\\base-driver\\lib\\basedriver\\commands\\find.ts:60:12)\n' +
    '    at AndroidUiautomator2Driver.findElement (C:\\Users\\Pedro\\Desktop\\repositorio\\ATD_Mod17-Mobile\\node_modules\\@appium\\base-driver\\lib\\basedriver\\commands\\find.ts:76:12)\n' +
    '    at runCommandPromise (C:\\Users\\Pedro\\Desktop\\repositorio\\ATD_Mod17-Mobile\\node_modules\\@appium\\base-driver\\lib\\basedriver\\driver.ts:123:16)'
}
2026-08-09T21:06:47.646Z INFO webdriver: COMMAND findElement("-android uiautomator", "new UiSelector().resourceId("email")")
2026-08-09T21:06:47.646Z INFO webdriver: [POST] http://127.0.0.1:62498/session/2f86e85f-809c-4ff1-ba65-abad4d12ecf3/element
2026-08-09T21:06:47.646Z INFO webdriver: DATA {
  using: '-android uiautomator',
  value: 'new UiSelector().resourceId("email")'
}
2026-08-09T21:06:47.729Z INFO webdriver: RESULT {
  error: 'no such element',
  message: 'An element could not be located on the page using the given search parameters.',
  stacktrace: 'NoSuchElementError: An element could not be located on the page using the given search parameters.\n' +
    '    at AndroidUiautomator2Driver.findElOrEls (C:\\Users\\Pedro\\Desktop\\repositorio\\ATD_Mod17-Mobile\\node_modules\\appium-uiautomator2-driver\\node_modules\\appium-android-driver\\lib\\commands\\find.ts:86:11)\n' +
    '    at processTicksAndRejections (node:internal/process/task_queues:105:5)\n' +
    '    at AndroidUiautomator2Driver.findElOrElsWithProcessing (C:\\Users\\Pedro\\Desktop\\repositorio\\ATD_Mod17-Mobile\\node_modules\\@appium\\base-driver\\lib\\basedriver\\commands\\find.ts:60:12)\n' +
    '    at AndroidUiautomator2Driver.findElement (C:\\Users\\Pedro\\Desktop\\repositorio\\ATD_Mod17-Mobile\\node_modules\\@appium\\base-driver\\lib\\basedriver\\commands\\find.ts:76:12)\n' +
    '    at runCommandPromise (C:\\Users\\Pedro\\Desktop\\repositorio\\ATD_Mod17-Mobile\\node_modules\\@appium\\base-driver\\lib\\basedriver\\driver.ts:123:16)'
}
2026-08-09T21:06:47.740Z INFO webdriver: COMMAND findElement("-android uiautomator", "new UiSelector().resourceId("email")")
2026-08-09T21:06:47.740Z INFO webdriver: [POST] http://127.0.0.1:62498/session/2f86e85f-809c-4ff1-ba65-abad4d12ecf3/element
2026-08-09T21:06:47.740Z INFO webdriver: DATA {
  using: '-android uiautomator',
  value: 'new UiSelector().resourceId("email")'
}
2026-08-09T21:06:47.844Z INFO webdriver: RESULT {
  error: 'no such element',
  message: 'An element could not be located on the page using the given search parameters.',
  stacktrace: 'NoSuchElementError: An element could not be located on the page using the given search parameters.\n' +
    '    at AndroidUiautomator2Driver.findElOrEls (C:\\Users\\Pedro\\Desktop\\repositorio\\ATD_Mod17-Mobile\\node_modules\\appium-uiautomator2-driver\\node_modules\\appium-android-driver\\lib\\commands\\find.ts:86:11)\n' +
    '    at processTicksAndRejections (node:internal/process/task_queues:105:5)\n' +
    '    at AndroidUiautomator2Driver.findElOrElsWithProcessing (C:\\Users\\Pedro\\Desktop\\repositorio\\ATD_Mod17-Mobile\\node_modules\\@appium\\base-driver\\lib\\basedriver\\commands\\find.ts:60:12)\n' +
    '    at AndroidUiautomator2Driver.findElement (C:\\Users\\Pedro\\Desktop\\repositorio\\ATD_Mod17-Mobile\\node_modules\\@appium\\base-driver\\lib\\basedriver\\commands\\find.ts:76:12)\n' +
    '    at runCommandPromise (C:\\Users\\Pedro\\Desktop\\repositorio\\ATD_Mod17-Mobile\\node_modules\\@appium\\base-driver\\lib\\basedriver\\driver.ts:123:16)'
}
2026-08-09T21:06:47.850Z INFO webdriver: COMMAND findElement("-android uiautomator", "new UiSelector().resourceId("email")")
2026-08-09T21:06:47.850Z INFO webdriver: [POST] http://127.0.0.1:62498/session/2f86e85f-809c-4ff1-ba65-abad4d12ecf3/element
2026-08-09T21:06:47.850Z INFO webdriver: DATA {
  using: '-android uiautomator',
  value: 'new UiSelector().resourceId("email")'
}
2026-08-09T21:06:47.953Z INFO webdriver: RESULT {
  error: 'no such element',
  message: 'An element could not be located on the page using the given search parameters.',
  stacktrace: 'NoSuchElementError: An element could not be located on the page using the given search parameters.\n' +
    '    at AndroidUiautomator2Driver.findElOrEls (C:\\Users\\Pedro\\Desktop\\repositorio\\ATD_Mod17-Mobile\\node_modules\\appium-uiautomator2-driver\\node_modules\\appium-android-driver\\lib\\commands\\find.ts:86:11)\n' +
    '    at processTicksAndRejections (node:internal/process/task_queues:105:5)\n' +
    '    at AndroidUiautomator2Driver.findElOrElsWithProcessing (C:\\Users\\Pedro\\Desktop\\repositorio\\ATD_Mod17-Mobile\\node_modules\\@appium\\base-driver\\lib\\basedriver\\commands\\find.ts:60:12)\n' +
    '    at AndroidUiautomator2Driver.findElement (C:\\Users\\Pedro\\Desktop\\repositorio\\ATD_Mod17-Mobile\\node_modules\\@appium\\base-driver\\lib\\basedriver\\commands\\find.ts:76:12)\n' +
    '    at runCommandPromise (C:\\Users\\Pedro\\Desktop\\repositorio\\ATD_Mod17-Mobile\\node_modules\\@appium\\base-driver\\lib\\basedriver\\driver.ts:123:16)'
}
2026-08-09T21:06:47.959Z INFO webdriver: COMMAND findElement("-android uiautomator", "new UiSelector().resourceId("email")")
2026-08-09T21:06:47.960Z INFO webdriver: [POST] http://127.0.0.1:62498/session/2f86e85f-809c-4ff1-ba65-abad4d12ecf3/element
2026-08-09T21:06:47.960Z INFO webdriver: DATA {
  using: '-android uiautomator',
  value: 'new UiSelector().resourceId("email")'
}
2026-08-09T21:06:48.062Z INFO webdriver: RESULT {
  error: 'no such element',
  message: 'An element could not be located on the page using the given search parameters.',
  stacktrace: 'NoSuchElementError: An element could not be located on the page using the given search parameters.\n' +
    '    at AndroidUiautomator2Driver.findElOrEls (C:\\Users\\Pedro\\Desktop\\repositorio\\ATD_Mod17-Mobile\\node_modules\\appium-uiautomator2-driver\\node_modules\\appium-android-driver\\lib\\commands\\find.ts:86:11)\n' +
    '    at processTicksAndRejections (node:internal/process/task_queues:105:5)\n' +
    '    at AndroidUiautomator2Driver.findElOrElsWithProcessing (C:\\Users\\Pedro\\Desktop\\repositorio\\ATD_Mod17-Mobile\\node_modules\\@appium\\base-driver\\lib\\basedriver\\commands\\find.ts:60:12)\n' +
    '    at AndroidUiautomator2Driver.findElement (C:\\Users\\Pedro\\Desktop\\repositorio\\ATD_Mod17-Mobile\\node_modules\\@appium\\base-driver\\lib\\basedriver\\commands\\find.ts:76:12)\n' +
    '    at runCommandPromise (C:\\Users\\Pedro\\Desktop\\repositorio\\ATD_Mod17-Mobile\\node_modules\\@appium\\base-driver\\lib\\basedriver\\driver.ts:123:16)'
}
2026-08-09T21:06:48.069Z INFO webdriver: COMMAND findElement("-android uiautomator", "new UiSelector().resourceId("email")")
2026-08-09T21:06:48.069Z INFO webdriver: [POST] http://127.0.0.1:62498/session/2f86e85f-809c-4ff1-ba65-abad4d12ecf3/element
2026-08-09T21:06:48.069Z INFO webdriver: DATA {
  using: '-android uiautomator',
  value: 'new UiSelector().resourceId("email")'
}
2026-08-09T21:06:48.178Z INFO webdriver: RESULT {
  error: 'no such element',
  message: 'An element could not be located on the page using the given search parameters.',
  stacktrace: 'NoSuchElementError: An element could not be located on the page using the given search parameters.\n' +
    '    at AndroidUiautomator2Driver.findElOrEls (C:\\Users\\Pedro\\Desktop\\repositorio\\ATD_Mod17-Mobile\\node_modules\\appium-uiautomator2-driver\\node_modules\\appium-android-driver\\lib\\commands\\find.ts:86:11)\n' +
    '    at processTicksAndRejections (node:internal/process/task_queues:105:5)\n' +
    '    at AndroidUiautomator2Driver.findElOrElsWithProcessing (C:\\Users\\Pedro\\Desktop\\repositorio\\ATD_Mod17-Mobile\\node_modules\\@appium\\base-driver\\lib\\basedriver\\commands\\find.ts:60:12)\n' +
    '    at AndroidUiautomator2Driver.findElement (C:\\Users\\Pedro\\Desktop\\repositorio\\ATD_Mod17-Mobile\\node_modules\\@appium\\base-driver\\lib\\basedriver\\commands\\find.ts:76:12)\n' +
    '    at runCommandPromise (C:\\Users\\Pedro\\Desktop\\repositorio\\ATD_Mod17-Mobile\\node_modules\\@appium\\base-driver\\lib\\basedriver\\driver.ts:123:16)'
}
2026-08-09T21:06:48.195Z INFO webdriver: COMMAND findElement("-android uiautomator", "new UiSelector().resourceId("email")")
2026-08-09T21:06:48.195Z INFO webdriver: [POST] http://127.0.0.1:62498/session/2f86e85f-809c-4ff1-ba65-abad4d12ecf3/element
2026-08-09T21:06:48.195Z INFO webdriver: DATA {
  using: '-android uiautomator',
  value: 'new UiSelector().resourceId("email")'
}
2026-08-09T21:06:48.300Z INFO webdriver: RESULT {
  error: 'no such element',
  message: 'An element could not be located on the page using the given search parameters.',
  stacktrace: 'NoSuchElementError: An element could not be located on the page using the given search parameters.\n' +
    '    at AndroidUiautomator2Driver.findElOrEls (C:\\Users\\Pedro\\Desktop\\repositorio\\ATD_Mod17-Mobile\\node_modules\\appium-uiautomator2-driver\\node_modules\\appium-android-driver\\lib\\commands\\find.ts:86:11)\n' +
    '    at processTicksAndRejections (node:internal/process/task_queues:105:5)\n' +
    '    at AndroidUiautomator2Driver.findElOrElsWithProcessing (C:\\Users\\Pedro\\Desktop\\repositorio\\ATD_Mod17-Mobile\\node_modules\\@appium\\base-driver\\lib\\basedriver\\commands\\find.ts:60:12)\n' +
    '    at AndroidUiautomator2Driver.findElement (C:\\Users\\Pedro\\Desktop\\repositorio\\ATD_Mod17-Mobile\\node_modules\\@appium\\base-driver\\lib\\basedriver\\commands\\find.ts:76:12)\n' +
    '    at runCommandPromise (C:\\Users\\Pedro\\Desktop\\repositorio\\ATD_Mod17-Mobile\\node_modules\\@appium\\base-driver\\lib\\basedriver\\driver.ts:123:16)'
}
2026-08-09T21:06:48.317Z INFO webdriver: COMMAND findElement("-android uiautomator", "new UiSelector().resourceId("email")")
2026-08-09T21:06:48.317Z INFO webdriver: [POST] http://127.0.0.1:62498/session/2f86e85f-809c-4ff1-ba65-abad4d12ecf3/element
2026-08-09T21:06:48.317Z INFO webdriver: DATA {
  using: '-android uiautomator',
  value: 'new UiSelector().resourceId("email")'
}
2026-08-09T21:06:52.186Z INFO webdriver: RESULT {
  error: 'no such element',
  message: 'An element could not be located on the page using the given search parameters.',
  stacktrace: 'NoSuchElementError: An element could not be located on the page using the given search parameters.\n' +
    '    at AndroidUiautomator2Driver.findElOrEls (C:\\Users\\Pedro\\Desktop\\repositorio\\ATD_Mod17-Mobile\\node_modules\\appium-uiautomator2-driver\\node_modules\\appium-android-driver\\lib\\commands\\find.ts:86:11)\n' +
    '    at processTicksAndRejections (node:internal/process/task_queues:105:5)\n' +
    '    at AndroidUiautomator2Driver.findElOrElsWithProcessing (C:\\Users\\Pedro\\Desktop\\repositorio\\ATD_Mod17-Mobile\\node_modules\\@appium\\base-driver\\lib\\basedriver\\commands\\find.ts:60:12)\n' +
    '    at AndroidUiautomator2Driver.findElement (C:\\Users\\Pedro\\Desktop\\repositorio\\ATD_Mod17-Mobile\\node_modules\\@appium\\base-driver\\lib\\basedriver\\commands\\find.ts:76:12)\n' +
    '    at runCommandPromise (C:\\Users\\Pedro\\Desktop\\repositorio\\ATD_Mod17-Mobile\\node_modules\\@appium\\base-driver\\lib\\basedriver\\driver.ts:123:16)'
}
2026-08-09T21:06:52.194Z INFO webdriver: COMMAND findElement("-android uiautomator", "new UiSelector().resourceId("email")")
2026-08-09T21:06:52.194Z INFO webdriver: [POST] http://127.0.0.1:62498/session/2f86e85f-809c-4ff1-ba65-abad4d12ecf3/element
2026-08-09T21:06:52.194Z INFO webdriver: DATA {
  using: '-android uiautomator',
  value: 'new UiSelector().resourceId("email")'
}
2026-08-09T21:06:52.673Z INFO webdriver: RESULT {
  'element-6066-11e4-a52e-4f735466cecf': '00000000-0000-0269-ffff-ffff00002b9b',
  ELEMENT: '00000000-0000-0269-ffff-ffff00002b9b'
}
2026-08-09T21:06:52.674Z INFO webdriver: COMMAND isElementDisplayed("00000000-0000-0269-ffff-ffff00002b9b")
2026-08-09T21:06:52.674Z INFO webdriver: [GET] http://127.0.0.1:62498/session/2f86e85f-809c-4ff1-ba65-abad4d12ecf3/element/00000000-0000-0269-ffff-ffff00002b9b/displayed
2026-08-09T21:06:52.694Z INFO webdriver: RESULT true
2026-08-09T21:06:52.694Z INFO webdriver: COMMAND findElement("-android uiautomator", "new UiSelector().resourceId("email")")
2026-08-09T21:06:52.694Z INFO webdriver: [POST] http://127.0.0.1:62498/session/2f86e85f-809c-4ff1-ba65-abad4d12ecf3/element
2026-08-09T21:06:52.694Z INFO webdriver: DATA {
  using: '-android uiautomator',
  value: 'new UiSelector().resourceId("email")'
}
2026-08-09T21:06:52.716Z INFO webdriver: RESULT {
  'element-6066-11e4-a52e-4f735466cecf': '00000000-0000-0269-ffff-ffff00002b9b',
  ELEMENT: '00000000-0000-0269-ffff-ffff00002b9b'
}
2026-08-09T21:06:52.717Z INFO webdriver: COMMAND elementClick("00000000-0000-0269-ffff-ffff00002b9b")
2026-08-09T21:06:52.717Z INFO webdriver: [POST] http://127.0.0.1:62498/session/2f86e85f-809c-4ff1-ba65-abad4d12ecf3/element/00000000-0000-0269-ffff-ffff00002b9b/click
2026-08-09T21:06:53.304Z INFO webdriver: RESULT null
2026-08-09T21:06:53.304Z INFO webdriver: COMMAND findElement("-android uiautomator", "new UiSelector().resourceId("email")")
2026-08-09T21:06:53.304Z INFO webdriver: [POST] http://127.0.0.1:62498/session/2f86e85f-809c-4ff1-ba65-abad4d12ecf3/element
2026-08-09T21:06:53.304Z INFO webdriver: DATA {
  using: '-android uiautomator',
  value: 'new UiSelector().resourceId("email")'
}
2026-08-09T21:06:53.421Z INFO webdriver: RESULT {
  'element-6066-11e4-a52e-4f735466cecf': '00000000-0000-0269-ffff-ffff00002b9b',
  ELEMENT: '00000000-0000-0269-ffff-ffff00002b9b'
}
2026-08-09T21:06:53.423Z INFO webdriver: COMMAND elementClear("00000000-0000-0269-ffff-ffff00002b9b")
2026-08-09T21:06:53.423Z INFO webdriver: [POST] http://127.0.0.1:62498/session/2f86e85f-809c-4ff1-ba65-abad4d12ecf3/element/00000000-0000-0269-ffff-ffff00002b9b/clear
2026-08-09T21:06:53.484Z INFO webdriver: RESULT null
2026-08-09T21:06:53.485Z INFO webdriver: COMMAND elementSendKeys("00000000-0000-0269-ffff-ffff00002b9b", "cliente@ebac.art.br")
2026-08-09T21:06:53.485Z INFO webdriver: [POST] http://127.0.0.1:62498/session/2f86e85f-809c-4ff1-ba65-abad4d12ecf3/element/00000000-0000-0269-ffff-ffff00002b9b/value
2026-08-09T21:06:53.485Z INFO webdriver: DATA { text: 'cliente@ebac.art.br' }
2026-08-09T21:06:55.089Z INFO webdriver: RESULT null
2026-08-09T21:06:55.090Z INFO webdriver: COMMAND findElement("-android uiautomator", "new UiSelector().resourceId("password")")
2026-08-09T21:06:55.090Z INFO webdriver: [POST] http://127.0.0.1:62498/session/2f86e85f-809c-4ff1-ba65-abad4d12ecf3/element
2026-08-09T21:06:55.090Z INFO webdriver: DATA {
  using: '-android uiautomator',
  value: 'new UiSelector().resourceId("password")'
}
2026-08-09T21:06:55.156Z INFO webdriver: RESULT {
  'element-6066-11e4-a52e-4f735466cecf': '00000000-0000-0269-ffff-ffff00002b9c',
  ELEMENT: '00000000-0000-0269-ffff-ffff00002b9c'
}
2026-08-09T21:06:55.158Z INFO webdriver: COMMAND isElementDisplayed("00000000-0000-0269-ffff-ffff00002b9c")
2026-08-09T21:06:55.158Z INFO webdriver: [GET] http://127.0.0.1:62498/session/2f86e85f-809c-4ff1-ba65-abad4d12ecf3/element/00000000-0000-0269-ffff-ffff00002b9c/displayed
2026-08-09T21:06:55.911Z INFO webdriver: RESULT true
2026-08-09T21:06:55.911Z INFO webdriver: COMMAND findElement("-android uiautomator", "new UiSelector().resourceId("password")")
2026-08-09T21:06:55.911Z INFO webdriver: [POST] http://127.0.0.1:62498/session/2f86e85f-809c-4ff1-ba65-abad4d12ecf3/element
2026-08-09T21:06:55.912Z INFO webdriver: DATA {
  using: '-android uiautomator',
  value: 'new UiSelector().resourceId("password")'
}
2026-08-09T21:06:55.935Z INFO webdriver: RESULT {
  'element-6066-11e4-a52e-4f735466cecf': '00000000-0000-0269-ffff-ffff00002b9c',
  ELEMENT: '00000000-0000-0269-ffff-ffff00002b9c'
}
2026-08-09T21:06:55.937Z INFO webdriver: COMMAND elementClick("00000000-0000-0269-ffff-ffff00002b9c")
2026-08-09T21:06:55.937Z INFO webdriver: [POST] http://127.0.0.1:62498/session/2f86e85f-809c-4ff1-ba65-abad4d12ecf3/element/00000000-0000-0269-ffff-ffff00002b9c/click
2026-08-09T21:06:56.736Z INFO webdriver: RESULT null
2026-08-09T21:06:56.736Z INFO webdriver: COMMAND findElement("-android uiautomator", "new UiSelector().resourceId("password")")
2026-08-09T21:06:56.736Z INFO webdriver: [POST] http://127.0.0.1:62498/session/2f86e85f-809c-4ff1-ba65-abad4d12ecf3/element
2026-08-09T21:06:56.736Z INFO webdriver: DATA {
  using: '-android uiautomator',
  value: 'new UiSelector().resourceId("password")'
}
2026-08-09T21:06:56.765Z INFO webdriver: RESULT {
  'element-6066-11e4-a52e-4f735466cecf': '00000000-0000-0269-ffff-ffff00002b9c',
  ELEMENT: '00000000-0000-0269-ffff-ffff00002b9c'
}
2026-08-09T21:06:56.767Z INFO webdriver: COMMAND elementClear("00000000-0000-0269-ffff-ffff00002b9c")
2026-08-09T21:06:56.767Z INFO webdriver: [POST] http://127.0.0.1:62498/session/2f86e85f-809c-4ff1-ba65-abad4d12ecf3/element/00000000-0000-0269-ffff-ffff00002b9c/clear
2026-08-09T21:06:56.801Z INFO webdriver: RESULT null
2026-08-09T21:06:56.801Z INFO webdriver: COMMAND elementSendKeys("00000000-0000-0269-ffff-ffff00002b9c", "GD*peToHNJ1#c$sgk08EaYJQ")
2026-08-09T21:06:56.801Z INFO webdriver: [POST] http://127.0.0.1:62498/session/2f86e85f-809c-4ff1-ba65-abad4d12ecf3/element/00000000-0000-0269-ffff-ffff00002b9c/value
2026-08-09T21:06:56.801Z INFO webdriver: DATA { text: 'GD*peToHNJ1#c$sgk08EaYJQ' }
2026-08-09T21:06:58.197Z INFO webdriver: RESULT null
2026-08-09T21:06:58.198Z INFO webdriver: COMMAND isKeyboardShown()
2026-08-09T21:06:58.198Z INFO webdriver: [GET] http://127.0.0.1:62498/session/2f86e85f-809c-4ff1-ba65-abad4d12ecf3/appium/device/is_keyboard_shown
2026-08-09T21:06:58.782Z INFO webdriver: RESULT true
2026-08-09T21:06:58.782Z INFO webdriver: COMMAND hideKeyboard()
2026-08-09T21:06:58.782Z INFO webdriver: [POST] http://127.0.0.1:62498/session/2f86e85f-809c-4ff1-ba65-abad4d12ecf3/appium/device/hide_keyboard
2026-08-09T21:07:00.034Z INFO webdriver: RESULT true
2026-08-09T21:07:00.035Z INFO webdriver: COMMAND findElement("-android uiautomator", "new UiSelector().text("Login")")
2026-08-09T21:07:00.035Z INFO webdriver: [POST] http://127.0.0.1:62498/session/2f86e85f-809c-4ff1-ba65-abad4d12ecf3/element
2026-08-09T21:07:00.035Z INFO webdriver: DATA {
  using: '-android uiautomator',
  value: 'new UiSelector().text("Login")'
}
2026-08-09T21:07:00.061Z INFO webdriver: RESULT {
  'element-6066-11e4-a52e-4f735466cecf': '00000000-0000-0269-ffff-ffff00002bb6',
  ELEMENT: '00000000-0000-0269-ffff-ffff00002bb6'
}
2026-08-09T21:07:00.063Z INFO webdriver: COMMAND isElementDisplayed("00000000-0000-0269-ffff-ffff00002bb6")
2026-08-09T21:07:00.063Z INFO webdriver: [GET] http://127.0.0.1:62498/session/2f86e85f-809c-4ff1-ba65-abad4d12ecf3/element/00000000-0000-0269-ffff-ffff00002bb6/displayed
2026-08-09T21:07:00.679Z INFO webdriver: RESULT true
2026-08-09T21:07:00.679Z INFO webdriver: COMMAND findElement("-android uiautomator", "new UiSelector().text("Login")")
2026-08-09T21:07:00.679Z INFO webdriver: [POST] http://127.0.0.1:62498/session/2f86e85f-809c-4ff1-ba65-abad4d12ecf3/element
2026-08-09T21:07:00.679Z INFO webdriver: DATA {
  using: '-android uiautomator',
  value: 'new UiSelector().text("Login")'
}
2026-08-09T21:07:00.703Z INFO webdriver: RESULT {
  'element-6066-11e4-a52e-4f735466cecf': '00000000-0000-0269-ffff-ffff00002bb6',
  ELEMENT: '00000000-0000-0269-ffff-ffff00002bb6'
}
2026-08-09T21:07:00.705Z INFO webdriver: COMMAND elementClick("00000000-0000-0269-ffff-ffff00002bb6")
2026-08-09T21:07:00.705Z INFO webdriver: [POST] http://127.0.0.1:62498/session/2f86e85f-809c-4ff1-ba65-abad4d12ecf3/element/00000000-0000-0269-ffff-ffff00002bb6/click
2026-08-09T21:07:00.789Z INFO webdriver: RESULT null
2026-08-09T21:07:00.789Z INFO webdriver: COMMAND findElement("xpath", "//*[@resource-id="tab-profile"]/..")
2026-08-09T21:07:00.789Z INFO webdriver: [POST] http://127.0.0.1:62498/session/2f86e85f-809c-4ff1-ba65-abad4d12ecf3/element
2026-08-09T21:07:00.789Z INFO webdriver: DATA { using: 'xpath', value: '//*[@resource-id="tab-profile"]/..' }
2026-08-09T21:07:00.876Z INFO webdriver: RESULT {
  error: 'no such element',
  message: 'An element could not be located on the page using the given search parameters.',
  stacktrace: 'NoSuchElementError: An element could not be located on the page using the given search parameters.\n' +
    '    at AndroidUiautomator2Driver.findElOrEls (C:\\Users\\Pedro\\Desktop\\repositorio\\ATD_Mod17-Mobile\\node_modules\\appium-uiautomator2-driver\\node_modules\\appium-android-driver\\lib\\commands\\find.ts:86:11)\n' +
    '    at processTicksAndRejections (node:internal/process/task_queues:105:5)\n' +
    '    at AndroidUiautomator2Driver.findElOrElsWithProcessing (C:\\Users\\Pedro\\Desktop\\repositorio\\ATD_Mod17-Mobile\\node_modules\\@appium\\base-driver\\lib\\basedriver\\commands\\find.ts:60:12)\n' +
    '    at AndroidUiautomator2Driver.findElement (C:\\Users\\Pedro\\Desktop\\repositorio\\ATD_Mod17-Mobile\\node_modules\\@appium\\base-driver\\lib\\basedriver\\commands\\find.ts:76:12)\n' +
    '    at runCommandPromise (C:\\Users\\Pedro\\Desktop\\repositorio\\ATD_Mod17-Mobile\\node_modules\\@appium\\base-driver\\lib\\basedriver\\driver.ts:123:16)'
}
2026-08-09T21:07:00.877Z INFO webdriver: COMMAND findElement("xpath", "//*[@resource-id="tab-profile"]/..")
2026-08-09T21:07:00.878Z INFO webdriver: [POST] http://127.0.0.1:62498/session/2f86e85f-809c-4ff1-ba65-abad4d12ecf3/element
2026-08-09T21:07:00.878Z INFO webdriver: DATA { using: 'xpath', value: '//*[@resource-id="tab-profile"]/..' }
2026-08-09T21:07:01.463Z INFO webdriver: RESULT {
  error: 'no such element',
  message: 'An element could not be located on the page using the given search parameters.',
  stacktrace: 'NoSuchElementError: An element could not be located on the page using the given search parameters.\n' +
    '    at AndroidUiautomator2Driver.findElOrEls (C:\\Users\\Pedro\\Desktop\\repositorio\\ATD_Mod17-Mobile\\node_modules\\appium-uiautomator2-driver\\node_modules\\appium-android-driver\\lib\\commands\\find.ts:86:11)\n' +
    '    at processTicksAndRejections (node:internal/process/task_queues:105:5)\n' +
    '    at AndroidUiautomator2Driver.findElOrElsWithProcessing (C:\\Users\\Pedro\\Desktop\\repositorio\\ATD_Mod17-Mobile\\node_modules\\@appium\\base-driver\\lib\\basedriver\\commands\\find.ts:60:12)\n' +
    '    at AndroidUiautomator2Driver.findElement (C:\\Users\\Pedro\\Desktop\\repositorio\\ATD_Mod17-Mobile\\node_modules\\@appium\\base-driver\\lib\\basedriver\\commands\\find.ts:76:12)\n' +
    '    at runCommandPromise (C:\\Users\\Pedro\\Desktop\\repositorio\\ATD_Mod17-Mobile\\node_modules\\@appium\\base-driver\\lib\\basedriver\\driver.ts:123:16)'
}
2026-08-09T21:07:01.465Z INFO webdriver: COMMAND findElement("xpath", "//*[@resource-id="tab-profile"]/..")
2026-08-09T21:07:01.466Z INFO webdriver: [POST] http://127.0.0.1:62498/session/2f86e85f-809c-4ff1-ba65-abad4d12ecf3/element
2026-08-09T21:07:01.466Z INFO webdriver: DATA { using: 'xpath', value: '//*[@resource-id="tab-profile"]/..' }
2026-08-09T21:07:01.533Z INFO webdriver: RESULT {
  error: 'no such element',
  message: 'An element could not be located on the page using the given search parameters.',
  stacktrace: 'NoSuchElementError: An element could not be located on the page using the given search parameters.\n' +
    '    at AndroidUiautomator2Driver.findElOrEls (C:\\Users\\Pedro\\Desktop\\repositorio\\ATD_Mod17-Mobile\\node_modules\\appium-uiautomator2-driver\\node_modules\\appium-android-driver\\lib\\commands\\find.ts:86:11)\n' +
    '    at processTicksAndRejections (node:internal/process/task_queues:105:5)\n' +
    '    at AndroidUiautomator2Driver.findElOrElsWithProcessing (C:\\Users\\Pedro\\Desktop\\repositorio\\ATD_Mod17-Mobile\\node_modules\\@appium\\base-driver\\lib\\basedriver\\commands\\find.ts:60:12)\n' +
    '    at AndroidUiautomator2Driver.findElement (C:\\Users\\Pedro\\Desktop\\repositorio\\ATD_Mod17-Mobile\\node_modules\\@appium\\base-driver\\lib\\basedriver\\commands\\find.ts:76:12)\n' +
    '    at runCommandPromise (C:\\Users\\Pedro\\Desktop\\repositorio\\ATD_Mod17-Mobile\\node_modules\\@appium\\base-driver\\lib\\basedriver\\driver.ts:123:16)'
}
2026-08-09T21:07:01.549Z INFO webdriver: COMMAND findElement("xpath", "//*[@resource-id="tab-profile"]/..")
2026-08-09T21:07:01.549Z INFO webdriver: [POST] http://127.0.0.1:62498/session/2f86e85f-809c-4ff1-ba65-abad4d12ecf3/element
2026-08-09T21:07:01.549Z INFO webdriver: DATA { using: 'xpath', value: '//*[@resource-id="tab-profile"]/..' }
2026-08-09T21:07:01.612Z INFO webdriver: RESULT {
  error: 'no such element',
  message: 'An element could not be located on the page using the given search parameters.',
  stacktrace: 'NoSuchElementError: An element could not be located on the page using the given search parameters.\n' +
    '    at AndroidUiautomator2Driver.findElOrEls (C:\\Users\\Pedro\\Desktop\\repositorio\\ATD_Mod17-Mobile\\node_modules\\appium-uiautomator2-driver\\node_modules\\appium-android-driver\\lib\\commands\\find.ts:86:11)\n' +
    '    at processTicksAndRejections (node:internal/process/task_queues:105:5)\n' +
    '    at AndroidUiautomator2Driver.findElOrElsWithProcessing (C:\\Users\\Pedro\\Desktop\\repositorio\\ATD_Mod17-Mobile\\node_modules\\@appium\\base-driver\\lib\\basedriver\\commands\\find.ts:60:12)\n' +
    '    at AndroidUiautomator2Driver.findElement (C:\\Users\\Pedro\\Desktop\\repositorio\\ATD_Mod17-Mobile\\node_modules\\@appium\\base-driver\\lib\\basedriver\\commands\\find.ts:76:12)\n' +
    '    at runCommandPromise (C:\\Users\\Pedro\\Desktop\\repositorio\\ATD_Mod17-Mobile\\node_modules\\@appium\\base-driver\\lib\\basedriver\\driver.ts:123:16)'
}
2026-08-09T21:07:01.627Z INFO webdriver: COMMAND findElement("xpath", "//*[@resource-id="tab-profile"]/..")
2026-08-09T21:07:01.627Z INFO webdriver: [POST] http://127.0.0.1:62498/session/2f86e85f-809c-4ff1-ba65-abad4d12ecf3/element
2026-08-09T21:07:01.628Z INFO webdriver: DATA { using: 'xpath', value: '//*[@resource-id="tab-profile"]/..' }
2026-08-09T21:07:01.679Z INFO webdriver: RESULT {
  error: 'no such element',
  message: 'An element could not be located on the page using the given search parameters.',
  stacktrace: 'NoSuchElementError: An element could not be located on the page using the given search parameters.\n' +
    '    at AndroidUiautomator2Driver.findElOrEls (C:\\Users\\Pedro\\Desktop\\repositorio\\ATD_Mod17-Mobile\\node_modules\\appium-uiautomator2-driver\\node_modules\\appium-android-driver\\lib\\commands\\find.ts:86:11)\n' +
    '    at processTicksAndRejections (node:internal/process/task_queues:105:5)\n' +
    '    at AndroidUiautomator2Driver.findElOrElsWithProcessing (C:\\Users\\Pedro\\Desktop\\repositorio\\ATD_Mod17-Mobile\\node_modules\\@appium\\base-driver\\lib\\basedriver\\commands\\find.ts:60:12)\n' +
    '    at AndroidUiautomator2Driver.findElement (C:\\Users\\Pedro\\Desktop\\repositorio\\ATD_Mod17-Mobile\\node_modules\\@appium\\base-driver\\lib\\basedriver\\commands\\find.ts:76:12)\n' +
    '    at runCommandPromise (C:\\Users\\Pedro\\Desktop\\repositorio\\ATD_Mod17-Mobile\\node_modules\\@appium\\base-driver\\lib\\basedriver\\driver.ts:123:16)'
}
2026-08-09T21:07:01.688Z INFO webdriver: COMMAND findElement("xpath", "//*[@resource-id="tab-profile"]/..")
2026-08-09T21:07:01.688Z INFO webdriver: [POST] http://127.0.0.1:62498/session/2f86e85f-809c-4ff1-ba65-abad4d12ecf3/element
2026-08-09T21:07:01.688Z INFO webdriver: DATA { using: 'xpath', value: '//*[@resource-id="tab-profile"]/..' }
2026-08-09T21:07:01.725Z INFO webdriver: RESULT {
  error: 'no such element',
  message: 'An element could not be located on the page using the given search parameters.',
  stacktrace: 'NoSuchElementError: An element could not be located on the page using the given search parameters.\n' +
    '    at AndroidUiautomator2Driver.findElOrEls (C:\\Users\\Pedro\\Desktop\\repositorio\\ATD_Mod17-Mobile\\node_modules\\appium-uiautomator2-driver\\node_modules\\appium-android-driver\\lib\\commands\\find.ts:86:11)\n' +
    '    at processTicksAndRejections (node:internal/process/task_queues:105:5)\n' +
    '    at AndroidUiautomator2Driver.findElOrElsWithProcessing (C:\\Users\\Pedro\\Desktop\\repositorio\\ATD_Mod17-Mobile\\node_modules\\@appium\\base-driver\\lib\\basedriver\\commands\\find.ts:60:12)\n' +
    '    at AndroidUiautomator2Driver.findElement (C:\\Users\\Pedro\\Desktop\\repositorio\\ATD_Mod17-Mobile\\node_modules\\@appium\\base-driver\\lib\\basedriver\\commands\\find.ts:76:12)\n' +
    '    at runCommandPromise (C:\\Users\\Pedro\\Desktop\\repositorio\\ATD_Mod17-Mobile\\node_modules\\@appium\\base-driver\\lib\\basedriver\\driver.ts:123:16)'
}
2026-08-09T21:07:01.735Z INFO webdriver: COMMAND findElement("xpath", "//*[@resource-id="tab-profile"]/..")
2026-08-09T21:07:01.735Z INFO webdriver: [POST] http://127.0.0.1:62498/session/2f86e85f-809c-4ff1-ba65-abad4d12ecf3/element
2026-08-09T21:07:01.735Z INFO webdriver: DATA { using: 'xpath', value: '//*[@resource-id="tab-profile"]/..' }
2026-08-09T21:07:01.790Z INFO webdriver: RESULT {
  error: 'no such element',
  message: 'An element could not be located on the page using the given search parameters.',
  stacktrace: 'NoSuchElementError: An element could not be located on the page using the given search parameters.\n' +
    '    at AndroidUiautomator2Driver.findElOrEls (C:\\Users\\Pedro\\Desktop\\repositorio\\ATD_Mod17-Mobile\\node_modules\\appium-uiautomator2-driver\\node_modules\\appium-android-driver\\lib\\commands\\find.ts:86:11)\n' +
    '    at processTicksAndRejections (node:internal/process/task_queues:105:5)\n' +
    '    at AndroidUiautomator2Driver.findElOrElsWithProcessing (C:\\Users\\Pedro\\Desktop\\repositorio\\ATD_Mod17-Mobile\\node_modules\\@appium\\base-driver\\lib\\basedriver\\commands\\find.ts:60:12)\n' +
    '    at AndroidUiautomator2Driver.findElement (C:\\Users\\Pedro\\Desktop\\repositorio\\ATD_Mod17-Mobile\\node_modules\\@appium\\base-driver\\lib\\basedriver\\commands\\find.ts:76:12)\n' +
    '    at runCommandPromise (C:\\Users\\Pedro\\Desktop\\repositorio\\ATD_Mod17-Mobile\\node_modules\\@appium\\base-driver\\lib\\basedriver\\driver.ts:123:16)'
}
2026-08-09T21:07:01.797Z INFO webdriver: COMMAND findElement("xpath", "//*[@resource-id="tab-profile"]/..")
2026-08-09T21:07:01.797Z INFO webdriver: [POST] http://127.0.0.1:62498/session/2f86e85f-809c-4ff1-ba65-abad4d12ecf3/element
2026-08-09T21:07:01.797Z INFO webdriver: DATA { using: 'xpath', value: '//*[@resource-id="tab-profile"]/..' }
2026-08-09T21:07:01.841Z INFO webdriver: RESULT {
  error: 'no such element',
  message: 'An element could not be located on the page using the given search parameters.',
  stacktrace: 'NoSuchElementError: An element could not be located on the page using the given search parameters.\n' +
    '    at AndroidUiautomator2Driver.findElOrEls (C:\\Users\\Pedro\\Desktop\\repositorio\\ATD_Mod17-Mobile\\node_modules\\appium-uiautomator2-driver\\node_modules\\appium-android-driver\\lib\\commands\\find.ts:86:11)\n' +
    '    at processTicksAndRejections (node:internal/process/task_queues:105:5)\n' +
    '    at AndroidUiautomator2Driver.findElOrElsWithProcessing (C:\\Users\\Pedro\\Desktop\\repositorio\\ATD_Mod17-Mobile\\node_modules\\@appium\\base-driver\\lib\\basedriver\\commands\\find.ts:60:12)\n' +
    '    at AndroidUiautomator2Driver.findElement (C:\\Users\\Pedro\\Desktop\\repositorio\\ATD_Mod17-Mobile\\node_modules\\@appium\\base-driver\\lib\\basedriver\\commands\\find.ts:76:12)\n' +
    '    at runCommandPromise (C:\\Users\\Pedro\\Desktop\\repositorio\\ATD_Mod17-Mobile\\node_modules\\@appium\\base-driver\\lib\\basedriver\\driver.ts:123:16)'
}
2026-08-09T21:07:01.859Z INFO webdriver: COMMAND findElement("xpath", "//*[@resource-id="tab-profile"]/..")
2026-08-09T21:07:01.859Z INFO webdriver: [POST] http://127.0.0.1:62498/session/2f86e85f-809c-4ff1-ba65-abad4d12ecf3/element
2026-08-09T21:07:01.859Z INFO webdriver: DATA { using: 'xpath', value: '//*[@resource-id="tab-profile"]/..' }
2026-08-09T21:07:01.900Z INFO webdriver: RESULT {
  error: 'no such element',
  message: 'An element could not be located on the page using the given search parameters.',
  stacktrace: 'NoSuchElementError: An element could not be located on the page using the given search parameters.\n' +
    '    at AndroidUiautomator2Driver.findElOrEls (C:\\Users\\Pedro\\Desktop\\repositorio\\ATD_Mod17-Mobile\\node_modules\\appium-uiautomator2-driver\\node_modules\\appium-android-driver\\lib\\commands\\find.ts:86:11)\n' +
    '    at processTicksAndRejections (node:internal/process/task_queues:105:5)\n' +
    '    at AndroidUiautomator2Driver.findElOrElsWithProcessing (C:\\Users\\Pedro\\Desktop\\repositorio\\ATD_Mod17-Mobile\\node_modules\\@appium\\base-driver\\lib\\basedriver\\commands\\find.ts:60:12)\n' +
    '    at AndroidUiautomator2Driver.findElement (C:\\Users\\Pedro\\Desktop\\repositorio\\ATD_Mod17-Mobile\\node_modules\\@appium\\base-driver\\lib\\basedriver\\commands\\find.ts:76:12)\n' +
    '    at runCommandPromise (C:\\Users\\Pedro\\Desktop\\repositorio\\ATD_Mod17-Mobile\\node_modules\\@appium\\base-driver\\lib\\basedriver\\driver.ts:123:16)'
}
2026-08-09T21:07:01.902Z INFO webdriver: COMMAND findElement("xpath", "//*[@resource-id="tab-profile"]/..")
2026-08-09T21:07:01.902Z INFO webdriver: [POST] http://127.0.0.1:62498/session/2f86e85f-809c-4ff1-ba65-abad4d12ecf3/element
2026-08-09T21:07:01.902Z INFO webdriver: DATA { using: 'xpath', value: '//*[@resource-id="tab-profile"]/..' }
2026-08-09T21:07:01.973Z INFO webdriver: RESULT {
  error: 'no such element',
  message: 'An element could not be located on the page using the given search parameters.',
  stacktrace: 'NoSuchElementError: An element could not be located on the page using the given search parameters.\n' +
    '    at AndroidUiautomator2Driver.findElOrEls (C:\\Users\\Pedro\\Desktop\\repositorio\\ATD_Mod17-Mobile\\node_modules\\appium-uiautomator2-driver\\node_modules\\appium-android-driver\\lib\\commands\\find.ts:86:11)\n' +
    '    at processTicksAndRejections (node:internal/process/task_queues:105:5)\n' +
    '    at AndroidUiautomator2Driver.findElOrElsWithProcessing (C:\\Users\\Pedro\\Desktop\\repositorio\\ATD_Mod17-Mobile\\node_modules\\@appium\\base-driver\\lib\\basedriver\\commands\\find.ts:60:12)\n' +
    '    at AndroidUiautomator2Driver.findElement (C:\\Users\\Pedro\\Desktop\\repositorio\\ATD_Mod17-Mobile\\node_modules\\@appium\\base-driver\\lib\\basedriver\\commands\\find.ts:76:12)\n' +
    '    at runCommandPromise (C:\\Users\\Pedro\\Desktop\\repositorio\\ATD_Mod17-Mobile\\node_modules\\@appium\\base-driver\\lib\\basedriver\\driver.ts:123:16)'
}
2026-08-09T21:07:01.986Z INFO webdriver: COMMAND findElement("xpath", "//*[@resource-id="tab-profile"]/..")
2026-08-09T21:07:01.987Z INFO webdriver: [POST] http://127.0.0.1:62498/session/2f86e85f-809c-4ff1-ba65-abad4d12ecf3/element
2026-08-09T21:07:01.987Z INFO webdriver: DATA { using: 'xpath', value: '//*[@resource-id="tab-profile"]/..' }
2026-08-09T21:07:02.082Z INFO webdriver: RESULT {
  error: 'no such element',
  message: 'An element could not be located on the page using the given search parameters.',
  stacktrace: 'NoSuchElementError: An element could not be located on the page using the given search parameters.\n' +
    '    at AndroidUiautomator2Driver.findElOrEls (C:\\Users\\Pedro\\Desktop\\repositorio\\ATD_Mod17-Mobile\\node_modules\\appium-uiautomator2-driver\\node_modules\\appium-android-driver\\lib\\commands\\find.ts:86:11)\n' +
    '    at processTicksAndRejections (node:internal/process/task_queues:105:5)\n' +
    '    at AndroidUiautomator2Driver.findElOrElsWithProcessing (C:\\Users\\Pedro\\Desktop\\repositorio\\ATD_Mod17-Mobile\\node_modules\\@appium\\base-driver\\lib\\basedriver\\commands\\find.ts:60:12)\n' +
    '    at AndroidUiautomator2Driver.findElement (C:\\Users\\Pedro\\Desktop\\repositorio\\ATD_Mod17-Mobile\\node_modules\\@appium\\base-driver\\lib\\basedriver\\commands\\find.ts:76:12)\n' +
    '    at runCommandPromise (C:\\Users\\Pedro\\Desktop\\repositorio\\ATD_Mod17-Mobile\\node_modules\\@appium\\base-driver\\lib\\basedriver\\driver.ts:123:16)'
}
2026-08-09T21:07:02.096Z INFO webdriver: COMMAND findElement("xpath", "//*[@resource-id="tab-profile"]/..")
2026-08-09T21:07:02.097Z INFO webdriver: [POST] http://127.0.0.1:62498/session/2f86e85f-809c-4ff1-ba65-abad4d12ecf3/element
2026-08-09T21:07:02.097Z INFO webdriver: DATA { using: 'xpath', value: '//*[@resource-id="tab-profile"]/..' }
2026-08-09T21:07:02.148Z INFO webdriver: RESULT {
  error: 'no such element',
  message: 'An element could not be located on the page using the given search parameters.',
  stacktrace: 'NoSuchElementError: An element could not be located on the page using the given search parameters.\n' +
    '    at AndroidUiautomator2Driver.findElOrEls (C:\\Users\\Pedro\\Desktop\\repositorio\\ATD_Mod17-Mobile\\node_modules\\appium-uiautomator2-driver\\node_modules\\appium-android-driver\\lib\\commands\\find.ts:86:11)\n' +
    '    at processTicksAndRejections (node:internal/process/task_queues:105:5)\n' +
    '    at AndroidUiautomator2Driver.findElOrElsWithProcessing (C:\\Users\\Pedro\\Desktop\\repositorio\\ATD_Mod17-Mobile\\node_modules\\@appium\\base-driver\\lib\\basedriver\\commands\\find.ts:60:12)\n' +
    '    at AndroidUiautomator2Driver.findElement (C:\\Users\\Pedro\\Desktop\\repositorio\\ATD_Mod17-Mobile\\node_modules\\@appium\\base-driver\\lib\\basedriver\\commands\\find.ts:76:12)\n' +
    '    at runCommandPromise (C:\\Users\\Pedro\\Desktop\\repositorio\\ATD_Mod17-Mobile\\node_modules\\@appium\\base-driver\\lib\\basedriver\\driver.ts:123:16)'
}
2026-08-09T21:07:02.159Z INFO webdriver: COMMAND findElement("xpath", "//*[@resource-id="tab-profile"]/..")
2026-08-09T21:07:02.159Z INFO webdriver: [POST] http://127.0.0.1:62498/session/2f86e85f-809c-4ff1-ba65-abad4d12ecf3/element
2026-08-09T21:07:02.159Z INFO webdriver: DATA { using: 'xpath', value: '//*[@resource-id="tab-profile"]/..' }
2026-08-09T21:07:02.217Z INFO webdriver: RESULT {
  error: 'no such element',
  message: 'An element could not be located on the page using the given search parameters.',
  stacktrace: 'NoSuchElementError: An element could not be located on the page using the given search parameters.\n' +
    '    at AndroidUiautomator2Driver.findElOrEls (C:\\Users\\Pedro\\Desktop\\repositorio\\ATD_Mod17-Mobile\\node_modules\\appium-uiautomator2-driver\\node_modules\\appium-android-driver\\lib\\commands\\find.ts:86:11)\n' +
    '    at processTicksAndRejections (node:internal/process/task_queues:105:5)\n' +
    '    at AndroidUiautomator2Driver.findElOrElsWithProcessing (C:\\Users\\Pedro\\Desktop\\repositorio\\ATD_Mod17-Mobile\\node_modules\\@appium\\base-driver\\lib\\basedriver\\commands\\find.ts:60:12)\n' +
    '    at AndroidUiautomator2Driver.findElement (C:\\Users\\Pedro\\Desktop\\repositorio\\ATD_Mod17-Mobile\\node_modules\\@appium\\base-driver\\lib\\basedriver\\commands\\find.ts:76:12)\n' +
    '    at runCommandPromise (C:\\Users\\Pedro\\Desktop\\repositorio\\ATD_Mod17-Mobile\\node_modules\\@appium\\base-driver\\lib\\basedriver\\driver.ts:123:16)'
}
2026-08-09T21:07:02.219Z INFO webdriver: COMMAND findElement("xpath", "//*[@resource-id="tab-profile"]/..")
2026-08-09T21:07:02.219Z INFO webdriver: [POST] http://127.0.0.1:62498/session/2f86e85f-809c-4ff1-ba65-abad4d12ecf3/element
2026-08-09T21:07:02.219Z INFO webdriver: DATA { using: 'xpath', value: '//*[@resource-id="tab-profile"]/..' }
2026-08-09T21:07:02.269Z INFO webdriver: RESULT {
  error: 'no such element',
  message: 'An element could not be located on the page using the given search parameters.',
  stacktrace: 'NoSuchElementError: An element could not be located on the page using the given search parameters.\n' +
    '    at AndroidUiautomator2Driver.findElOrEls (C:\\Users\\Pedro\\Desktop\\repositorio\\ATD_Mod17-Mobile\\node_modules\\appium-uiautomator2-driver\\node_modules\\appium-android-driver\\lib\\commands\\find.ts:86:11)\n' +
    '    at processTicksAndRejections (node:internal/process/task_queues:105:5)\n' +
    '    at AndroidUiautomator2Driver.findElOrElsWithProcessing (C:\\Users\\Pedro\\Desktop\\repositorio\\ATD_Mod17-Mobile\\node_modules\\@appium\\base-driver\\lib\\basedriver\\commands\\find.ts:60:12)\n' +
    '    at AndroidUiautomator2Driver.findElement (C:\\Users\\Pedro\\Desktop\\repositorio\\ATD_Mod17-Mobile\\node_modules\\@appium\\base-driver\\lib\\basedriver\\commands\\find.ts:76:12)\n' +
    '    at runCommandPromise (C:\\Users\\Pedro\\Desktop\\repositorio\\ATD_Mod17-Mobile\\node_modules\\@appium\\base-driver\\lib\\basedriver\\driver.ts:123:16)'
}
2026-08-09T21:07:02.285Z INFO webdriver: COMMAND findElement("xpath", "//*[@resource-id="tab-profile"]/..")
2026-08-09T21:07:02.286Z INFO webdriver: [POST] http://127.0.0.1:62498/session/2f86e85f-809c-4ff1-ba65-abad4d12ecf3/element
2026-08-09T21:07:02.286Z INFO webdriver: DATA { using: 'xpath', value: '//*[@resource-id="tab-profile"]/..' }
2026-08-09T21:07:02.339Z INFO webdriver: RESULT {
  error: 'no such element',
  message: 'An element could not be located on the page using the given search parameters.',
  stacktrace: 'NoSuchElementError: An element could not be located on the page using the given search parameters.\n' +
    '    at AndroidUiautomator2Driver.findElOrEls (C:\\Users\\Pedro\\Desktop\\repositorio\\ATD_Mod17-Mobile\\node_modules\\appium-uiautomator2-driver\\node_modules\\appium-android-driver\\lib\\commands\\find.ts:86:11)\n' +
    '    at processTicksAndRejections (node:internal/process/task_queues:105:5)\n' +
    '    at AndroidUiautomator2Driver.findElOrElsWithProcessing (C:\\Users\\Pedro\\Desktop\\repositorio\\ATD_Mod17-Mobile\\node_modules\\@appium\\base-driver\\lib\\basedriver\\commands\\find.ts:60:12)\n' +
    '    at AndroidUiautomator2Driver.findElement (C:\\Users\\Pedro\\Desktop\\repositorio\\ATD_Mod17-Mobile\\node_modules\\@appium\\base-driver\\lib\\basedriver\\commands\\find.ts:76:12)\n' +
    '    at runCommandPromise (C:\\Users\\Pedro\\Desktop\\repositorio\\ATD_Mod17-Mobile\\node_modules\\@appium\\base-driver\\lib\\basedriver\\driver.ts:123:16)'
}
2026-08-09T21:07:02.348Z INFO webdriver: COMMAND findElement("xpath", "//*[@resource-id="tab-profile"]/..")
2026-08-09T21:07:02.348Z INFO webdriver: [POST] http://127.0.0.1:62498/session/2f86e85f-809c-4ff1-ba65-abad4d12ecf3/element
2026-08-09T21:07:02.348Z INFO webdriver: DATA { using: 'xpath', value: '//*[@resource-id="tab-profile"]/..' }
2026-08-09T21:07:02.389Z INFO webdriver: RESULT {
  error: 'no such element',
  message: 'An element could not be located on the page using the given search parameters.',
  stacktrace: 'NoSuchElementError: An element could not be located on the page using the given search parameters.\n' +
    '    at AndroidUiautomator2Driver.findElOrEls (C:\\Users\\Pedro\\Desktop\\repositorio\\ATD_Mod17-Mobile\\node_modules\\appium-uiautomator2-driver\\node_modules\\appium-android-driver\\lib\\commands\\find.ts:86:11)\n' +
    '    at processTicksAndRejections (node:internal/process/task_queues:105:5)\n' +
    '    at AndroidUiautomator2Driver.findElOrElsWithProcessing (C:\\Users\\Pedro\\Desktop\\repositorio\\ATD_Mod17-Mobile\\node_modules\\@appium\\base-driver\\lib\\basedriver\\commands\\find.ts:60:12)\n' +
    '    at AndroidUiautomator2Driver.findElement (C:\\Users\\Pedro\\Desktop\\repositorio\\ATD_Mod17-Mobile\\node_modules\\@appium\\base-driver\\lib\\basedriver\\commands\\find.ts:76:12)\n' +
    '    at runCommandPromise (C:\\Users\\Pedro\\Desktop\\repositorio\\ATD_Mod17-Mobile\\node_modules\\@appium\\base-driver\\lib\\basedriver\\driver.ts:123:16)'
}
2026-08-09T21:07:02.395Z INFO webdriver: COMMAND findElement("xpath", "//*[@resource-id="tab-profile"]/..")
2026-08-09T21:07:02.396Z INFO webdriver: [POST] http://127.0.0.1:62498/session/2f86e85f-809c-4ff1-ba65-abad4d12ecf3/element
2026-08-09T21:07:02.396Z INFO webdriver: DATA { using: 'xpath', value: '//*[@resource-id="tab-profile"]/..' }
2026-08-09T21:07:02.448Z INFO webdriver: RESULT {
  error: 'no such element',
  message: 'An element could not be located on the page using the given search parameters.',
  stacktrace: 'NoSuchElementError: An element could not be located on the page using the given search parameters.\n' +
    '    at AndroidUiautomator2Driver.findElOrEls (C:\\Users\\Pedro\\Desktop\\repositorio\\ATD_Mod17-Mobile\\node_modules\\appium-uiautomator2-driver\\node_modules\\appium-android-driver\\lib\\commands\\find.ts:86:11)\n' +
    '    at processTicksAndRejections (node:internal/process/task_queues:105:5)\n' +
    '    at AndroidUiautomator2Driver.findElOrElsWithProcessing (C:\\Users\\Pedro\\Desktop\\repositorio\\ATD_Mod17-Mobile\\node_modules\\@appium\\base-driver\\lib\\basedriver\\commands\\find.ts:60:12)\n' +
    '    at AndroidUiautomator2Driver.findElement (C:\\Users\\Pedro\\Desktop\\repositorio\\ATD_Mod17-Mobile\\node_modules\\@appium\\base-driver\\lib\\basedriver\\commands\\find.ts:76:12)\n' +
    '    at runCommandPromise (C:\\Users\\Pedro\\Desktop\\repositorio\\ATD_Mod17-Mobile\\node_modules\\@appium\\base-driver\\lib\\basedriver\\driver.ts:123:16)'
}
2026-08-09T21:07:02.491Z INFO webdriver: COMMAND findElement("xpath", "//*[@resource-id="tab-profile"]/..")
2026-08-09T21:07:02.492Z INFO webdriver: [POST] http://127.0.0.1:62498/session/2f86e85f-809c-4ff1-ba65-abad4d12ecf3/element
2026-08-09T21:07:02.492Z INFO webdriver: DATA { using: 'xpath', value: '//*[@resource-id="tab-profile"]/..' }
2026-08-09T21:07:02.534Z INFO webdriver: RESULT {
  error: 'no such element',
  message: 'An element could not be located on the page using the given search parameters.',
  stacktrace: 'NoSuchElementError: An element could not be located on the page using the given search parameters.\n' +
    '    at AndroidUiautomator2Driver.findElOrEls (C:\\Users\\Pedro\\Desktop\\repositorio\\ATD_Mod17-Mobile\\node_modules\\appium-uiautomator2-driver\\node_modules\\appium-android-driver\\lib\\commands\\find.ts:86:11)\n' +
    '    at processTicksAndRejections (node:internal/process/task_queues:105:5)\n' +
    '    at AndroidUiautomator2Driver.findElOrElsWithProcessing (C:\\Users\\Pedro\\Desktop\\repositorio\\ATD_Mod17-Mobile\\node_modules\\@appium\\base-driver\\lib\\basedriver\\commands\\find.ts:60:12)\n' +
    '    at AndroidUiautomator2Driver.findElement (C:\\Users\\Pedro\\Desktop\\repositorio\\ATD_Mod17-Mobile\\node_modules\\@appium\\base-driver\\lib\\basedriver\\commands\\find.ts:76:12)\n' +
    '    at runCommandPromise (C:\\Users\\Pedro\\Desktop\\repositorio\\ATD_Mod17-Mobile\\node_modules\\@appium\\base-driver\\lib\\basedriver\\driver.ts:123:16)'
}
2026-08-09T21:07:02.584Z INFO webdriver: COMMAND findElement("xpath", "//*[@resource-id="tab-profile"]/..")
2026-08-09T21:07:02.585Z INFO webdriver: [POST] http://127.0.0.1:62498/session/2f86e85f-809c-4ff1-ba65-abad4d12ecf3/element
2026-08-09T21:07:02.585Z INFO webdriver: DATA { using: 'xpath', value: '//*[@resource-id="tab-profile"]/..' }
2026-08-09T21:07:02.648Z INFO webdriver: RESULT {
  error: 'no such element',
  message: 'An element could not be located on the page using the given search parameters.',
  stacktrace: 'NoSuchElementError: An element could not be located on the page using the given search parameters.\n' +
    '    at AndroidUiautomator2Driver.findElOrEls (C:\\Users\\Pedro\\Desktop\\repositorio\\ATD_Mod17-Mobile\\node_modules\\appium-uiautomator2-driver\\node_modules\\appium-android-driver\\lib\\commands\\find.ts:86:11)\n' +
    '    at processTicksAndRejections (node:internal/process/task_queues:105:5)\n' +
    '    at AndroidUiautomator2Driver.findElOrElsWithProcessing (C:\\Users\\Pedro\\Desktop\\repositorio\\ATD_Mod17-Mobile\\node_modules\\@appium\\base-driver\\lib\\basedriver\\commands\\find.ts:60:12)\n' +
    '    at AndroidUiautomator2Driver.findElement (C:\\Users\\Pedro\\Desktop\\repositorio\\ATD_Mod17-Mobile\\node_modules\\@appium\\base-driver\\lib\\basedriver\\commands\\find.ts:76:12)\n' +
    '    at runCommandPromise (C:\\Users\\Pedro\\Desktop\\repositorio\\ATD_Mod17-Mobile\\node_modules\\@appium\\base-driver\\lib\\basedriver\\driver.ts:123:16)'
}
2026-08-09T21:07:02.678Z INFO webdriver: COMMAND findElement("xpath", "//*[@resource-id="tab-profile"]/..")
2026-08-09T21:07:02.678Z INFO webdriver: [POST] http://127.0.0.1:62498/session/2f86e85f-809c-4ff1-ba65-abad4d12ecf3/element
2026-08-09T21:07:02.678Z INFO webdriver: DATA { using: 'xpath', value: '//*[@resource-id="tab-profile"]/..' }
2026-08-09T21:07:02.727Z INFO webdriver: RESULT {
  error: 'no such element',
  message: 'An element could not be located on the page using the given search parameters.',
  stacktrace: 'NoSuchElementError: An element could not be located on the page using the given search parameters.\n' +
    '    at AndroidUiautomator2Driver.findElOrEls (C:\\Users\\Pedro\\Desktop\\repositorio\\ATD_Mod17-Mobile\\node_modules\\appium-uiautomator2-driver\\node_modules\\appium-android-driver\\lib\\commands\\find.ts:86:11)\n' +
    '    at processTicksAndRejections (node:internal/process/task_queues:105:5)\n' +
    '    at AndroidUiautomator2Driver.findElOrElsWithProcessing (C:\\Users\\Pedro\\Desktop\\repositorio\\ATD_Mod17-Mobile\\node_modules\\@appium\\base-driver\\lib\\basedriver\\commands\\find.ts:60:12)\n' +
    '    at AndroidUiautomator2Driver.findElement (C:\\Users\\Pedro\\Desktop\\repositorio\\ATD_Mod17-Mobile\\node_modules\\@appium\\base-driver\\lib\\basedriver\\commands\\find.ts:76:12)\n' +
    '    at runCommandPromise (C:\\Users\\Pedro\\Desktop\\repositorio\\ATD_Mod17-Mobile\\node_modules\\@appium\\base-driver\\lib\\basedriver\\driver.ts:123:16)'
}
2026-08-09T21:07:02.786Z INFO webdriver: COMMAND findElement("xpath", "//*[@resource-id="tab-profile"]/..")
2026-08-09T21:07:02.787Z INFO webdriver: [POST] http://127.0.0.1:62498/session/2f86e85f-809c-4ff1-ba65-abad4d12ecf3/element
2026-08-09T21:07:02.787Z INFO webdriver: DATA { using: 'xpath', value: '//*[@resource-id="tab-profile"]/..' }
2026-08-09T21:07:02.841Z INFO webdriver: RESULT {
  error: 'no such element',
  message: 'An element could not be located on the page using the given search parameters.',
  stacktrace: 'NoSuchElementError: An element could not be located on the page using the given search parameters.\n' +
    '    at AndroidUiautomator2Driver.findElOrEls (C:\\Users\\Pedro\\Desktop\\repositorio\\ATD_Mod17-Mobile\\node_modules\\appium-uiautomator2-driver\\node_modules\\appium-android-driver\\lib\\commands\\find.ts:86:11)\n' +
    '    at processTicksAndRejections (node:internal/process/task_queues:105:5)\n' +
    '    at AndroidUiautomator2Driver.findElOrElsWithProcessing (C:\\Users\\Pedro\\Desktop\\repositorio\\ATD_Mod17-Mobile\\node_modules\\@appium\\base-driver\\lib\\basedriver\\commands\\find.ts:60:12)\n' +
    '    at AndroidUiautomator2Driver.findElement (C:\\Users\\Pedro\\Desktop\\repositorio\\ATD_Mod17-Mobile\\node_modules\\@appium\\base-driver\\lib\\basedriver\\commands\\find.ts:76:12)\n' +
    '    at runCommandPromise (C:\\Users\\Pedro\\Desktop\\repositorio\\ATD_Mod17-Mobile\\node_modules\\@appium\\base-driver\\lib\\basedriver\\driver.ts:123:16)'
}
2026-08-09T21:07:02.881Z INFO webdriver: COMMAND findElement("xpath", "//*[@resource-id="tab-profile"]/..")
2026-08-09T21:07:02.881Z INFO webdriver: [POST] http://127.0.0.1:62498/session/2f86e85f-809c-4ff1-ba65-abad4d12ecf3/element
2026-08-09T21:07:02.881Z INFO webdriver: DATA { using: 'xpath', value: '//*[@resource-id="tab-profile"]/..' }
2026-08-09T21:07:02.925Z INFO webdriver: RESULT {
  error: 'no such element',
  message: 'An element could not be located on the page using the given search parameters.',
  stacktrace: 'NoSuchElementError: An element could not be located on the page using the given search parameters.\n' +
    '    at AndroidUiautomator2Driver.findElOrEls (C:\\Users\\Pedro\\Desktop\\repositorio\\ATD_Mod17-Mobile\\node_modules\\appium-uiautomator2-driver\\node_modules\\appium-android-driver\\lib\\commands\\find.ts:86:11)\n' +
    '    at processTicksAndRejections (node:internal/process/task_queues:105:5)\n' +
    '    at AndroidUiautomator2Driver.findElOrElsWithProcessing (C:\\Users\\Pedro\\Desktop\\repositorio\\ATD_Mod17-Mobile\\node_modules\\@appium\\base-driver\\lib\\basedriver\\commands\\find.ts:60:12)\n' +
    '    at AndroidUiautomator2Driver.findElement (C:\\Users\\Pedro\\Desktop\\repositorio\\ATD_Mod17-Mobile\\node_modules\\@appium\\base-driver\\lib\\basedriver\\commands\\find.ts:76:12)\n' +
    '    at runCommandPromise (C:\\Users\\Pedro\\Desktop\\repositorio\\ATD_Mod17-Mobile\\node_modules\\@appium\\base-driver\\lib\\basedriver\\driver.ts:123:16)'
}
2026-08-09T21:07:02.991Z INFO webdriver: COMMAND findElement("xpath", "//*[@resource-id="tab-profile"]/..")
2026-08-09T21:07:02.991Z INFO webdriver: [POST] http://127.0.0.1:62498/session/2f86e85f-809c-4ff1-ba65-abad4d12ecf3/element
2026-08-09T21:07:02.991Z INFO webdriver: DATA { using: 'xpath', value: '//*[@resource-id="tab-profile"]/..' }
2026-08-09T21:07:03.043Z INFO webdriver: RESULT {
  error: 'no such element',
  message: 'An element could not be located on the page using the given search parameters.',
  stacktrace: 'NoSuchElementError: An element could not be located on the page using the given search parameters.\n' +
    '    at AndroidUiautomator2Driver.findElOrEls (C:\\Users\\Pedro\\Desktop\\repositorio\\ATD_Mod17-Mobile\\node_modules\\appium-uiautomator2-driver\\node_modules\\appium-android-driver\\lib\\commands\\find.ts:86:11)\n' +
    '    at processTicksAndRejections (node:internal/process/task_queues:105:5)\n' +
    '    at AndroidUiautomator2Driver.findElOrElsWithProcessing (C:\\Users\\Pedro\\Desktop\\repositorio\\ATD_Mod17-Mobile\\node_modules\\@appium\\base-driver\\lib\\basedriver\\commands\\find.ts:60:12)\n' +
    '    at AndroidUiautomator2Driver.findElement (C:\\Users\\Pedro\\Desktop\\repositorio\\ATD_Mod17-Mobile\\node_modules\\@appium\\base-driver\\lib\\basedriver\\commands\\find.ts:76:12)\n' +
    '    at runCommandPromise (C:\\Users\\Pedro\\Desktop\\repositorio\\ATD_Mod17-Mobile\\node_modules\\@appium\\base-driver\\lib\\basedriver\\driver.ts:123:16)'
}
2026-08-09T21:07:03.085Z INFO webdriver: COMMAND findElement("xpath", "//*[@resource-id="tab-profile"]/..")
2026-08-09T21:07:03.085Z INFO webdriver: [POST] http://127.0.0.1:62498/session/2f86e85f-809c-4ff1-ba65-abad4d12ecf3/element
2026-08-09T21:07:03.085Z INFO webdriver: DATA { using: 'xpath', value: '//*[@resource-id="tab-profile"]/..' }
2026-08-09T21:07:03.130Z INFO webdriver: RESULT {
  error: 'no such element',
  message: 'An element could not be located on the page using the given search parameters.',
  stacktrace: 'NoSuchElementError: An element could not be located on the page using the given search parameters.\n' +
    '    at AndroidUiautomator2Driver.findElOrEls (C:\\Users\\Pedro\\Desktop\\repositorio\\ATD_Mod17-Mobile\\node_modules\\appium-uiautomator2-driver\\node_modules\\appium-android-driver\\lib\\commands\\find.ts:86:11)\n' +
    '    at processTicksAndRejections (node:internal/process/task_queues:105:5)\n' +
    '    at AndroidUiautomator2Driver.findElOrElsWithProcessing (C:\\Users\\Pedro\\Desktop\\repositorio\\ATD_Mod17-Mobile\\node_modules\\@appium\\base-driver\\lib\\basedriver\\commands\\find.ts:60:12)\n' +
    '    at AndroidUiautomator2Driver.findElement (C:\\Users\\Pedro\\Desktop\\repositorio\\ATD_Mod17-Mobile\\node_modules\\@appium\\base-driver\\lib\\basedriver\\commands\\find.ts:76:12)\n' +
    '    at runCommandPromise (C:\\Users\\Pedro\\Desktop\\repositorio\\ATD_Mod17-Mobile\\node_modules\\@appium\\base-driver\\lib\\basedriver\\driver.ts:123:16)'
}
2026-08-09T21:07:03.179Z INFO webdriver: COMMAND findElement("xpath", "//*[@resource-id="tab-profile"]/..")
2026-08-09T21:07:03.180Z INFO webdriver: [POST] http://127.0.0.1:62498/session/2f86e85f-809c-4ff1-ba65-abad4d12ecf3/element
2026-08-09T21:07:03.180Z INFO webdriver: DATA { using: 'xpath', value: '//*[@resource-id="tab-profile"]/..' }
2026-08-09T21:07:03.221Z INFO webdriver: RESULT {
  error: 'no such element',
  message: 'An element could not be located on the page using the given search parameters.',
  stacktrace: 'NoSuchElementError: An element could not be located on the page using the given search parameters.\n' +
    '    at AndroidUiautomator2Driver.findElOrEls (C:\\Users\\Pedro\\Desktop\\repositorio\\ATD_Mod17-Mobile\\node_modules\\appium-uiautomator2-driver\\node_modules\\appium-android-driver\\lib\\commands\\find.ts:86:11)\n' +
    '    at processTicksAndRejections (node:internal/process/task_queues:105:5)\n' +
    '    at AndroidUiautomator2Driver.findElOrElsWithProcessing (C:\\Users\\Pedro\\Desktop\\repositorio\\ATD_Mod17-Mobile\\node_modules\\@appium\\base-driver\\lib\\basedriver\\commands\\find.ts:60:12)\n' +
    '    at AndroidUiautomator2Driver.findElement (C:\\Users\\Pedro\\Desktop\\repositorio\\ATD_Mod17-Mobile\\node_modules\\@appium\\base-driver\\lib\\basedriver\\commands\\find.ts:76:12)\n' +
    '    at runCommandPromise (C:\\Users\\Pedro\\Desktop\\repositorio\\ATD_Mod17-Mobile\\node_modules\\@appium\\base-driver\\lib\\basedriver\\driver.ts:123:16)'
}
2026-08-09T21:07:03.290Z INFO webdriver: COMMAND findElement("xpath", "//*[@resource-id="tab-profile"]/..")
2026-08-09T21:07:03.290Z INFO webdriver: [POST] http://127.0.0.1:62498/session/2f86e85f-809c-4ff1-ba65-abad4d12ecf3/element
2026-08-09T21:07:03.290Z INFO webdriver: DATA { using: 'xpath', value: '//*[@resource-id="tab-profile"]/..' }
2026-08-09T21:07:03.330Z INFO webdriver: RESULT {
  error: 'no such element',
  message: 'An element could not be located on the page using the given search parameters.',
  stacktrace: 'NoSuchElementError: An element could not be located on the page using the given search parameters.\n' +
    '    at AndroidUiautomator2Driver.findElOrEls (C:\\Users\\Pedro\\Desktop\\repositorio\\ATD_Mod17-Mobile\\node_modules\\appium-uiautomator2-driver\\node_modules\\appium-android-driver\\lib\\commands\\find.ts:86:11)\n' +
    '    at processTicksAndRejections (node:internal/process/task_queues:105:5)\n' +
    '    at AndroidUiautomator2Driver.findElOrElsWithProcessing (C:\\Users\\Pedro\\Desktop\\repositorio\\ATD_Mod17-Mobile\\node_modules\\@appium\\base-driver\\lib\\basedriver\\commands\\find.ts:60:12)\n' +
    '    at AndroidUiautomator2Driver.findElement (C:\\Users\\Pedro\\Desktop\\repositorio\\ATD_Mod17-Mobile\\node_modules\\@appium\\base-driver\\lib\\basedriver\\commands\\find.ts:76:12)\n' +
    '    at runCommandPromise (C:\\Users\\Pedro\\Desktop\\repositorio\\ATD_Mod17-Mobile\\node_modules\\@appium\\base-driver\\lib\\basedriver\\driver.ts:123:16)'
}
2026-08-09T21:07:03.383Z INFO webdriver: COMMAND findElement("xpath", "//*[@resource-id="tab-profile"]/..")
2026-08-09T21:07:03.384Z INFO webdriver: [POST] http://127.0.0.1:62498/session/2f86e85f-809c-4ff1-ba65-abad4d12ecf3/element
2026-08-09T21:07:03.384Z INFO webdriver: DATA { using: 'xpath', value: '//*[@resource-id="tab-profile"]/..' }
2026-08-09T21:07:03.440Z INFO webdriver: RESULT {
  error: 'no such element',
  message: 'An element could not be located on the page using the given search parameters.',
  stacktrace: 'NoSuchElementError: An element could not be located on the page using the given search parameters.\n' +
    '    at AndroidUiautomator2Driver.findElOrEls (C:\\Users\\Pedro\\Desktop\\repositorio\\ATD_Mod17-Mobile\\node_modules\\appium-uiautomator2-driver\\node_modules\\appium-android-driver\\lib\\commands\\find.ts:86:11)\n' +
    '    at processTicksAndRejections (node:internal/process/task_queues:105:5)\n' +
    '    at AndroidUiautomator2Driver.findElOrElsWithProcessing (C:\\Users\\Pedro\\Desktop\\repositorio\\ATD_Mod17-Mobile\\node_modules\\@appium\\base-driver\\lib\\basedriver\\commands\\find.ts:60:12)\n' +
    '    at AndroidUiautomator2Driver.findElement (C:\\Users\\Pedro\\Desktop\\repositorio\\ATD_Mod17-Mobile\\node_modules\\@appium\\base-driver\\lib\\basedriver\\commands\\find.ts:76:12)\n' +
    '    at runCommandPromise (C:\\Users\\Pedro\\Desktop\\repositorio\\ATD_Mod17-Mobile\\node_modules\\@appium\\base-driver\\lib\\basedriver\\driver.ts:123:16)'
}
2026-08-09T21:07:03.479Z INFO webdriver: COMMAND findElement("xpath", "//*[@resource-id="tab-profile"]/..")
2026-08-09T21:07:03.479Z INFO webdriver: [POST] http://127.0.0.1:62498/session/2f86e85f-809c-4ff1-ba65-abad4d12ecf3/element
2026-08-09T21:07:03.479Z INFO webdriver: DATA { using: 'xpath', value: '//*[@resource-id="tab-profile"]/..' }
2026-08-09T21:07:03.528Z INFO webdriver: RESULT {
  error: 'no such element',
  message: 'An element could not be located on the page using the given search parameters.',
  stacktrace: 'NoSuchElementError: An element could not be located on the page using the given search parameters.\n' +
    '    at AndroidUiautomator2Driver.findElOrEls (C:\\Users\\Pedro\\Desktop\\repositorio\\ATD_Mod17-Mobile\\node_modules\\appium-uiautomator2-driver\\node_modules\\appium-android-driver\\lib\\commands\\find.ts:86:11)\n' +
    '    at processTicksAndRejections (node:internal/process/task_queues:105:5)\n' +
    '    at AndroidUiautomator2Driver.findElOrElsWithProcessing (C:\\Users\\Pedro\\Desktop\\repositorio\\ATD_Mod17-Mobile\\node_modules\\@appium\\base-driver\\lib\\basedriver\\commands\\find.ts:60:12)\n' +
    '    at AndroidUiautomator2Driver.findElement (C:\\Users\\Pedro\\Desktop\\repositorio\\ATD_Mod17-Mobile\\node_modules\\@appium\\base-driver\\lib\\basedriver\\commands\\find.ts:76:12)\n' +
    '    at runCommandPromise (C:\\Users\\Pedro\\Desktop\\repositorio\\ATD_Mod17-Mobile\\node_modules\\@appium\\base-driver\\lib\\basedriver\\driver.ts:123:16)'
}
2026-08-09T21:07:03.589Z INFO webdriver: COMMAND findElement("xpath", "//*[@resource-id="tab-profile"]/..")
2026-08-09T21:07:03.589Z INFO webdriver: [POST] http://127.0.0.1:62498/session/2f86e85f-809c-4ff1-ba65-abad4d12ecf3/element
2026-08-09T21:07:03.589Z INFO webdriver: DATA { using: 'xpath', value: '//*[@resource-id="tab-profile"]/..' }
2026-08-09T21:07:03.652Z INFO webdriver: RESULT {
  error: 'no such element',
  message: 'An element could not be located on the page using the given search parameters.',
  stacktrace: 'NoSuchElementError: An element could not be located on the page using the given search parameters.\n' +
    '    at AndroidUiautomator2Driver.findElOrEls (C:\\Users\\Pedro\\Desktop\\repositorio\\ATD_Mod17-Mobile\\node_modules\\appium-uiautomator2-driver\\node_modules\\appium-android-driver\\lib\\commands\\find.ts:86:11)\n' +
    '    at processTicksAndRejections (node:internal/process/task_queues:105:5)\n' +
    '    at AndroidUiautomator2Driver.findElOrElsWithProcessing (C:\\Users\\Pedro\\Desktop\\repositorio\\ATD_Mod17-Mobile\\node_modules\\@appium\\base-driver\\lib\\basedriver\\commands\\find.ts:60:12)\n' +
    '    at AndroidUiautomator2Driver.findElement (C:\\Users\\Pedro\\Desktop\\repositorio\\ATD_Mod17-Mobile\\node_modules\\@appium\\base-driver\\lib\\basedriver\\commands\\find.ts:76:12)\n' +
    '    at runCommandPromise (C:\\Users\\Pedro\\Desktop\\repositorio\\ATD_Mod17-Mobile\\node_modules\\@appium\\base-driver\\lib\\basedriver\\driver.ts:123:16)'
}
2026-08-09T21:07:03.682Z INFO webdriver: COMMAND findElement("xpath", "//*[@resource-id="tab-profile"]/..")
2026-08-09T21:07:03.682Z INFO webdriver: [POST] http://127.0.0.1:62498/session/2f86e85f-809c-4ff1-ba65-abad4d12ecf3/element
2026-08-09T21:07:03.682Z INFO webdriver: DATA { using: 'xpath', value: '//*[@resource-id="tab-profile"]/..' }
2026-08-09T21:07:03.752Z INFO webdriver: RESULT {
  error: 'no such element',
  message: 'An element could not be located on the page using the given search parameters.',
  stacktrace: 'NoSuchElementError: An element could not be located on the page using the given search parameters.\n' +
    '    at AndroidUiautomator2Driver.findElOrEls (C:\\Users\\Pedro\\Desktop\\repositorio\\ATD_Mod17-Mobile\\node_modules\\appium-uiautomator2-driver\\node_modules\\appium-android-driver\\lib\\commands\\find.ts:86:11)\n' +
    '    at processTicksAndRejections (node:internal/process/task_queues:105:5)\n' +
    '    at AndroidUiautomator2Driver.findElOrElsWithProcessing (C:\\Users\\Pedro\\Desktop\\repositorio\\ATD_Mod17-Mobile\\node_modules\\@appium\\base-driver\\lib\\basedriver\\commands\\find.ts:60:12)\n' +
    '    at AndroidUiautomator2Driver.findElement (C:\\Users\\Pedro\\Desktop\\repositorio\\ATD_Mod17-Mobile\\node_modules\\@appium\\base-driver\\lib\\basedriver\\commands\\find.ts:76:12)\n' +
    '    at runCommandPromise (C:\\Users\\Pedro\\Desktop\\repositorio\\ATD_Mod17-Mobile\\node_modules\\@appium\\base-driver\\lib\\basedriver\\driver.ts:123:16)'
}
2026-08-09T21:07:03.791Z INFO webdriver: COMMAND findElement("xpath", "//*[@resource-id="tab-profile"]/..")
2026-08-09T21:07:03.791Z INFO webdriver: [POST] http://127.0.0.1:62498/session/2f86e85f-809c-4ff1-ba65-abad4d12ecf3/element
2026-08-09T21:07:03.791Z INFO webdriver: DATA { using: 'xpath', value: '//*[@resource-id="tab-profile"]/..' }
2026-08-09T21:07:03.843Z INFO webdriver: RESULT {
  error: 'no such element',
  message: 'An element could not be located on the page using the given search parameters.',
  stacktrace: 'NoSuchElementError: An element could not be located on the page using the given search parameters.\n' +
    '    at AndroidUiautomator2Driver.findElOrEls (C:\\Users\\Pedro\\Desktop\\repositorio\\ATD_Mod17-Mobile\\node_modules\\appium-uiautomator2-driver\\node_modules\\appium-android-driver\\lib\\commands\\find.ts:86:11)\n' +
    '    at processTicksAndRejections (node:internal/process/task_queues:105:5)\n' +
    '    at AndroidUiautomator2Driver.findElOrElsWithProcessing (C:\\Users\\Pedro\\Desktop\\repositorio\\ATD_Mod17-Mobile\\node_modules\\@appium\\base-driver\\lib\\basedriver\\commands\\find.ts:60:12)\n' +
    '    at AndroidUiautomator2Driver.findElement (C:\\Users\\Pedro\\Desktop\\repositorio\\ATD_Mod17-Mobile\\node_modules\\@appium\\base-driver\\lib\\basedriver\\commands\\find.ts:76:12)\n' +
    '    at runCommandPromise (C:\\Users\\Pedro\\Desktop\\repositorio\\ATD_Mod17-Mobile\\node_modules\\@appium\\base-driver\\lib\\basedriver\\driver.ts:123:16)'
}
2026-08-09T21:07:03.885Z INFO webdriver: COMMAND findElement("xpath", "//*[@resource-id="tab-profile"]/..")
2026-08-09T21:07:03.885Z INFO webdriver: [POST] http://127.0.0.1:62498/session/2f86e85f-809c-4ff1-ba65-abad4d12ecf3/element
2026-08-09T21:07:03.885Z INFO webdriver: DATA { using: 'xpath', value: '//*[@resource-id="tab-profile"]/..' }
2026-08-09T21:07:03.942Z INFO webdriver: RESULT {
  error: 'no such element',
  message: 'An element could not be located on the page using the given search parameters.',
  stacktrace: 'NoSuchElementError: An element could not be located on the page using the given search parameters.\n' +
    '    at AndroidUiautomator2Driver.findElOrEls (C:\\Users\\Pedro\\Desktop\\repositorio\\ATD_Mod17-Mobile\\node_modules\\appium-uiautomator2-driver\\node_modules\\appium-android-driver\\lib\\commands\\find.ts:86:11)\n' +
    '    at processTicksAndRejections (node:internal/process/task_queues:105:5)\n' +
    '    at AndroidUiautomator2Driver.findElOrElsWithProcessing (C:\\Users\\Pedro\\Desktop\\repositorio\\ATD_Mod17-Mobile\\node_modules\\@appium\\base-driver\\lib\\basedriver\\commands\\find.ts:60:12)\n' +
    '    at AndroidUiautomator2Driver.findElement (C:\\Users\\Pedro\\Desktop\\repositorio\\ATD_Mod17-Mobile\\node_modules\\@appium\\base-driver\\lib\\basedriver\\commands\\find.ts:76:12)\n' +
    '    at runCommandPromise (C:\\Users\\Pedro\\Desktop\\repositorio\\ATD_Mod17-Mobile\\node_modules\\@appium\\base-driver\\lib\\basedriver\\driver.ts:123:16)'
}
2026-08-09T21:07:03.981Z INFO webdriver: COMMAND findElement("xpath", "//*[@resource-id="tab-profile"]/..")
2026-08-09T21:07:03.981Z INFO webdriver: [POST] http://127.0.0.1:62498/session/2f86e85f-809c-4ff1-ba65-abad4d12ecf3/element
2026-08-09T21:07:03.981Z INFO webdriver: DATA { using: 'xpath', value: '//*[@resource-id="tab-profile"]/..' }
2026-08-09T21:07:04.028Z INFO webdriver: RESULT {
  error: 'no such element',
  message: 'An element could not be located on the page using the given search parameters.',
  stacktrace: 'NoSuchElementError: An element could not be located on the page using the given search parameters.\n' +
    '    at AndroidUiautomator2Driver.findElOrEls (C:\\Users\\Pedro\\Desktop\\repositorio\\ATD_Mod17-Mobile\\node_modules\\appium-uiautomator2-driver\\node_modules\\appium-android-driver\\lib\\commands\\find.ts:86:11)\n' +
    '    at processTicksAndRejections (node:internal/process/task_queues:105:5)\n' +
    '    at AndroidUiautomator2Driver.findElOrElsWithProcessing (C:\\Users\\Pedro\\Desktop\\repositorio\\ATD_Mod17-Mobile\\node_modules\\@appium\\base-driver\\lib\\basedriver\\commands\\find.ts:60:12)\n' +
    '    at AndroidUiautomator2Driver.findElement (C:\\Users\\Pedro\\Desktop\\repositorio\\ATD_Mod17-Mobile\\node_modules\\@appium\\base-driver\\lib\\basedriver\\commands\\find.ts:76:12)\n' +
    '    at runCommandPromise (C:\\Users\\Pedro\\Desktop\\repositorio\\ATD_Mod17-Mobile\\node_modules\\@appium\\base-driver\\lib\\basedriver\\driver.ts:123:16)'
}
2026-08-09T21:07:04.091Z INFO webdriver: COMMAND findElement("xpath", "//*[@resource-id="tab-profile"]/..")
2026-08-09T21:07:04.091Z INFO webdriver: [POST] http://127.0.0.1:62498/session/2f86e85f-809c-4ff1-ba65-abad4d12ecf3/element
2026-08-09T21:07:04.091Z INFO webdriver: DATA { using: 'xpath', value: '//*[@resource-id="tab-profile"]/..' }
2026-08-09T21:07:04.138Z INFO webdriver: RESULT {
  error: 'no such element',
  message: 'An element could not be located on the page using the given search parameters.',
  stacktrace: 'NoSuchElementError: An element could not be located on the page using the given search parameters.\n' +
    '    at AndroidUiautomator2Driver.findElOrEls (C:\\Users\\Pedro\\Desktop\\repositorio\\ATD_Mod17-Mobile\\node_modules\\appium-uiautomator2-driver\\node_modules\\appium-android-driver\\lib\\commands\\find.ts:86:11)\n' +
    '    at processTicksAndRejections (node:internal/process/task_queues:105:5)\n' +
    '    at AndroidUiautomator2Driver.findElOrElsWithProcessing (C:\\Users\\Pedro\\Desktop\\repositorio\\ATD_Mod17-Mobile\\node_modules\\@appium\\base-driver\\lib\\basedriver\\commands\\find.ts:60:12)\n' +
    '    at AndroidUiautomator2Driver.findElement (C:\\Users\\Pedro\\Desktop\\repositorio\\ATD_Mod17-Mobile\\node_modules\\@appium\\base-driver\\lib\\basedriver\\commands\\find.ts:76:12)\n' +
    '    at runCommandPromise (C:\\Users\\Pedro\\Desktop\\repositorio\\ATD_Mod17-Mobile\\node_modules\\@appium\\base-driver\\lib\\basedriver\\driver.ts:123:16)'
}
2026-08-09T21:07:04.187Z INFO webdriver: COMMAND findElement("xpath", "//*[@resource-id="tab-profile"]/..")
2026-08-09T21:07:04.187Z INFO webdriver: [POST] http://127.0.0.1:62498/session/2f86e85f-809c-4ff1-ba65-abad4d12ecf3/element
2026-08-09T21:07:04.187Z INFO webdriver: DATA { using: 'xpath', value: '//*[@resource-id="tab-profile"]/..' }
2026-08-09T21:07:04.234Z INFO webdriver: RESULT {
  error: 'no such element',
  message: 'An element could not be located on the page using the given search parameters.',
  stacktrace: 'NoSuchElementError: An element could not be located on the page using the given search parameters.\n' +
    '    at AndroidUiautomator2Driver.findElOrEls (C:\\Users\\Pedro\\Desktop\\repositorio\\ATD_Mod17-Mobile\\node_modules\\appium-uiautomator2-driver\\node_modules\\appium-android-driver\\lib\\commands\\find.ts:86:11)\n' +
    '    at processTicksAndRejections (node:internal/process/task_queues:105:5)\n' +
    '    at AndroidUiautomator2Driver.findElOrElsWithProcessing (C:\\Users\\Pedro\\Desktop\\repositorio\\ATD_Mod17-Mobile\\node_modules\\@appium\\base-driver\\lib\\basedriver\\commands\\find.ts:60:12)\n' +
    '    at AndroidUiautomator2Driver.findElement (C:\\Users\\Pedro\\Desktop\\repositorio\\ATD_Mod17-Mobile\\node_modules\\@appium\\base-driver\\lib\\basedriver\\commands\\find.ts:76:12)\n' +
    '    at runCommandPromise (C:\\Users\\Pedro\\Desktop\\repositorio\\ATD_Mod17-Mobile\\node_modules\\@appium\\base-driver\\lib\\basedriver\\driver.ts:123:16)'
}
2026-08-09T21:07:04.283Z INFO webdriver: COMMAND findElement("xpath", "//*[@resource-id="tab-profile"]/..")
2026-08-09T21:07:04.283Z INFO webdriver: [POST] http://127.0.0.1:62498/session/2f86e85f-809c-4ff1-ba65-abad4d12ecf3/element
2026-08-09T21:07:04.283Z INFO webdriver: DATA { using: 'xpath', value: '//*[@resource-id="tab-profile"]/..' }
2026-08-09T21:07:04.322Z INFO webdriver: RESULT {
  error: 'no such element',
  message: 'An element could not be located on the page using the given search parameters.',
  stacktrace: 'NoSuchElementError: An element could not be located on the page using the given search parameters.\n' +
    '    at AndroidUiautomator2Driver.findElOrEls (C:\\Users\\Pedro\\Desktop\\repositorio\\ATD_Mod17-Mobile\\node_modules\\appium-uiautomator2-driver\\node_modules\\appium-android-driver\\lib\\commands\\find.ts:86:11)\n' +
    '    at processTicksAndRejections (node:internal/process/task_queues:105:5)\n' +
    '    at AndroidUiautomator2Driver.findElOrElsWithProcessing (C:\\Users\\Pedro\\Desktop\\repositorio\\ATD_Mod17-Mobile\\node_modules\\@appium\\base-driver\\lib\\basedriver\\commands\\find.ts:60:12)\n' +
    '    at AndroidUiautomator2Driver.findElement (C:\\Users\\Pedro\\Desktop\\repositorio\\ATD_Mod17-Mobile\\node_modules\\@appium\\base-driver\\lib\\basedriver\\commands\\find.ts:76:12)\n' +
    '    at runCommandPromise (C:\\Users\\Pedro\\Desktop\\repositorio\\ATD_Mod17-Mobile\\node_modules\\@appium\\base-driver\\lib\\basedriver\\driver.ts:123:16)'
}
2026-08-09T21:07:04.378Z INFO webdriver: COMMAND findElement("xpath", "//*[@resource-id="tab-profile"]/..")
2026-08-09T21:07:04.378Z INFO webdriver: [POST] http://127.0.0.1:62498/session/2f86e85f-809c-4ff1-ba65-abad4d12ecf3/element
2026-08-09T21:07:04.378Z INFO webdriver: DATA { using: 'xpath', value: '//*[@resource-id="tab-profile"]/..' }
2026-08-09T21:07:04.437Z INFO webdriver: RESULT {
  error: 'no such element',
  message: 'An element could not be located on the page using the given search parameters.',
  stacktrace: 'NoSuchElementError: An element could not be located on the page using the given search parameters.\n' +
    '    at AndroidUiautomator2Driver.findElOrEls (C:\\Users\\Pedro\\Desktop\\repositorio\\ATD_Mod17-Mobile\\node_modules\\appium-uiautomator2-driver\\node_modules\\appium-android-driver\\lib\\commands\\find.ts:86:11)\n' +
    '    at processTicksAndRejections (node:internal/process/task_queues:105:5)\n' +
    '    at AndroidUiautomator2Driver.findElOrElsWithProcessing (C:\\Users\\Pedro\\Desktop\\repositorio\\ATD_Mod17-Mobile\\node_modules\\@appium\\base-driver\\lib\\basedriver\\commands\\find.ts:60:12)\n' +
    '    at AndroidUiautomator2Driver.findElement (C:\\Users\\Pedro\\Desktop\\repositorio\\ATD_Mod17-Mobile\\node_modules\\@appium\\base-driver\\lib\\basedriver\\commands\\find.ts:76:12)\n' +
    '    at runCommandPromise (C:\\Users\\Pedro\\Desktop\\repositorio\\ATD_Mod17-Mobile\\node_modules\\@appium\\base-driver\\lib\\basedriver\\driver.ts:123:16)'
}
2026-08-09T21:07:04.488Z INFO webdriver: COMMAND findElement("xpath", "//*[@resource-id="tab-profile"]/..")
2026-08-09T21:07:04.488Z INFO webdriver: [POST] http://127.0.0.1:62498/session/2f86e85f-809c-4ff1-ba65-abad4d12ecf3/element
2026-08-09T21:07:04.488Z INFO webdriver: DATA { using: 'xpath', value: '//*[@resource-id="tab-profile"]/..' }
2026-08-09T21:07:04.525Z INFO webdriver: RESULT {
  error: 'no such element',
  message: 'An element could not be located on the page using the given search parameters.',
  stacktrace: 'NoSuchElementError: An element could not be located on the page using the given search parameters.\n' +
    '    at AndroidUiautomator2Driver.findElOrEls (C:\\Users\\Pedro\\Desktop\\repositorio\\ATD_Mod17-Mobile\\node_modules\\appium-uiautomator2-driver\\node_modules\\appium-android-driver\\lib\\commands\\find.ts:86:11)\n' +
    '    at processTicksAndRejections (node:internal/process/task_queues:105:5)\n' +
    '    at AndroidUiautomator2Driver.findElOrElsWithProcessing (C:\\Users\\Pedro\\Desktop\\repositorio\\ATD_Mod17-Mobile\\node_modules\\@appium\\base-driver\\lib\\basedriver\\commands\\find.ts:60:12)\n' +
    '    at AndroidUiautomator2Driver.findElement (C:\\Users\\Pedro\\Desktop\\repositorio\\ATD_Mod17-Mobile\\node_modules\\@appium\\base-driver\\lib\\basedriver\\commands\\find.ts:76:12)\n' +
    '    at runCommandPromise (C:\\Users\\Pedro\\Desktop\\repositorio\\ATD_Mod17-Mobile\\node_modules\\@appium\\base-driver\\lib\\basedriver\\driver.ts:123:16)'
}
2026-08-09T21:07:04.581Z INFO webdriver: COMMAND findElement("xpath", "//*[@resource-id="tab-profile"]/..")
2026-08-09T21:07:04.582Z INFO webdriver: [POST] http://127.0.0.1:62498/session/2f86e85f-809c-4ff1-ba65-abad4d12ecf3/element
2026-08-09T21:07:04.582Z INFO webdriver: DATA { using: 'xpath', value: '//*[@resource-id="tab-profile"]/..' }
2026-08-09T21:07:04.622Z INFO webdriver: RESULT {
  error: 'no such element',
  message: 'An element could not be located on the page using the given search parameters.',
  stacktrace: 'NoSuchElementError: An element could not be located on the page using the given search parameters.\n' +
    '    at AndroidUiautomator2Driver.findElOrEls (C:\\Users\\Pedro\\Desktop\\repositorio\\ATD_Mod17-Mobile\\node_modules\\appium-uiautomator2-driver\\node_modules\\appium-android-driver\\lib\\commands\\find.ts:86:11)\n' +
    '    at processTicksAndRejections (node:internal/process/task_queues:105:5)\n' +
    '    at AndroidUiautomator2Driver.findElOrElsWithProcessing (C:\\Users\\Pedro\\Desktop\\repositorio\\ATD_Mod17-Mobile\\node_modules\\@appium\\base-driver\\lib\\basedriver\\commands\\find.ts:60:12)\n' +
    '    at AndroidUiautomator2Driver.findElement (C:\\Users\\Pedro\\Desktop\\repositorio\\ATD_Mod17-Mobile\\node_modules\\@appium\\base-driver\\lib\\basedriver\\commands\\find.ts:76:12)\n' +
    '    at runCommandPromise (C:\\Users\\Pedro\\Desktop\\repositorio\\ATD_Mod17-Mobile\\node_modules\\@appium\\base-driver\\lib\\basedriver\\driver.ts:123:16)'
}
2026-08-09T21:07:04.692Z INFO webdriver: COMMAND findElement("xpath", "//*[@resource-id="tab-profile"]/..")
2026-08-09T21:07:04.693Z INFO webdriver: [POST] http://127.0.0.1:62498/session/2f86e85f-809c-4ff1-ba65-abad4d12ecf3/element
2026-08-09T21:07:04.693Z INFO webdriver: DATA { using: 'xpath', value: '//*[@resource-id="tab-profile"]/..' }
2026-08-09T21:07:04.739Z INFO webdriver: RESULT {
  error: 'no such element',
  message: 'An element could not be located on the page using the given search parameters.',
  stacktrace: 'NoSuchElementError: An element could not be located on the page using the given search parameters.\n' +
    '    at AndroidUiautomator2Driver.findElOrEls (C:\\Users\\Pedro\\Desktop\\repositorio\\ATD_Mod17-Mobile\\node_modules\\appium-uiautomator2-driver\\node_modules\\appium-android-driver\\lib\\commands\\find.ts:86:11)\n' +
    '    at processTicksAndRejections (node:internal/process/task_queues:105:5)\n' +
    '    at AndroidUiautomator2Driver.findElOrElsWithProcessing (C:\\Users\\Pedro\\Desktop\\repositorio\\ATD_Mod17-Mobile\\node_modules\\@appium\\base-driver\\lib\\basedriver\\commands\\find.ts:60:12)\n' +
    '    at AndroidUiautomator2Driver.findElement (C:\\Users\\Pedro\\Desktop\\repositorio\\ATD_Mod17-Mobile\\node_modules\\@appium\\base-driver\\lib\\basedriver\\commands\\find.ts:76:12)\n' +
    '    at runCommandPromise (C:\\Users\\Pedro\\Desktop\\repositorio\\ATD_Mod17-Mobile\\node_modules\\@appium\\base-driver\\lib\\basedriver\\driver.ts:123:16)'
}
2026-08-09T21:07:04.786Z INFO webdriver: COMMAND findElement("xpath", "//*[@resource-id="tab-profile"]/..")
2026-08-09T21:07:04.786Z INFO webdriver: [POST] http://127.0.0.1:62498/session/2f86e85f-809c-4ff1-ba65-abad4d12ecf3/element
2026-08-09T21:07:04.786Z INFO webdriver: DATA { using: 'xpath', value: '//*[@resource-id="tab-profile"]/..' }
2026-08-09T21:07:04.836Z INFO webdriver: RESULT {
  error: 'no such element',
  message: 'An element could not be located on the page using the given search parameters.',
  stacktrace: 'NoSuchElementError: An element could not be located on the page using the given search parameters.\n' +
    '    at AndroidUiautomator2Driver.findElOrEls (C:\\Users\\Pedro\\Desktop\\repositorio\\ATD_Mod17-Mobile\\node_modules\\appium-uiautomator2-driver\\node_modules\\appium-android-driver\\lib\\commands\\find.ts:86:11)\n' +
    '    at processTicksAndRejections (node:internal/process/task_queues:105:5)\n' +
    '    at AndroidUiautomator2Driver.findElOrElsWithProcessing (C:\\Users\\Pedro\\Desktop\\repositorio\\ATD_Mod17-Mobile\\node_modules\\@appium\\base-driver\\lib\\basedriver\\commands\\find.ts:60:12)\n' +
    '    at AndroidUiautomator2Driver.findElement (C:\\Users\\Pedro\\Desktop\\repositorio\\ATD_Mod17-Mobile\\node_modules\\@appium\\base-driver\\lib\\basedriver\\commands\\find.ts:76:12)\n' +
    '    at runCommandPromise (C:\\Users\\Pedro\\Desktop\\repositorio\\ATD_Mod17-Mobile\\node_modules\\@appium\\base-driver\\lib\\basedriver\\driver.ts:123:16)'
}
2026-08-09T21:07:04.879Z INFO webdriver: COMMAND findElement("xpath", "//*[@resource-id="tab-profile"]/..")
2026-08-09T21:07:04.879Z INFO webdriver: [POST] http://127.0.0.1:62498/session/2f86e85f-809c-4ff1-ba65-abad4d12ecf3/element
2026-08-09T21:07:04.879Z INFO webdriver: DATA { using: 'xpath', value: '//*[@resource-id="tab-profile"]/..' }
2026-08-09T21:07:04.921Z INFO webdriver: RESULT {
  error: 'no such element',
  message: 'An element could not be located on the page using the given search parameters.',
  stacktrace: 'NoSuchElementError: An element could not be located on the page using the given search parameters.\n' +
    '    at AndroidUiautomator2Driver.findElOrEls (C:\\Users\\Pedro\\Desktop\\repositorio\\ATD_Mod17-Mobile\\node_modules\\appium-uiautomator2-driver\\node_modules\\appium-android-driver\\lib\\commands\\find.ts:86:11)\n' +
    '    at processTicksAndRejections (node:internal/process/task_queues:105:5)\n' +
    '    at AndroidUiautomator2Driver.findElOrElsWithProcessing (C:\\Users\\Pedro\\Desktop\\repositorio\\ATD_Mod17-Mobile\\node_modules\\@appium\\base-driver\\lib\\basedriver\\commands\\find.ts:60:12)\n' +
    '    at AndroidUiautomator2Driver.findElement (C:\\Users\\Pedro\\Desktop\\repositorio\\ATD_Mod17-Mobile\\node_modules\\@appium\\base-driver\\lib\\basedriver\\commands\\find.ts:76:12)\n' +
    '    at runCommandPromise (C:\\Users\\Pedro\\Desktop\\repositorio\\ATD_Mod17-Mobile\\node_modules\\@appium\\base-driver\\lib\\basedriver\\driver.ts:123:16)'
}
2026-08-09T21:07:04.988Z INFO webdriver: COMMAND findElement("xpath", "//*[@resource-id="tab-profile"]/..")
2026-08-09T21:07:04.988Z INFO webdriver: [POST] http://127.0.0.1:62498/session/2f86e85f-809c-4ff1-ba65-abad4d12ecf3/element
2026-08-09T21:07:04.988Z INFO webdriver: DATA { using: 'xpath', value: '//*[@resource-id="tab-profile"]/..' }
2026-08-09T21:07:05.035Z INFO webdriver: RESULT {
  error: 'no such element',
  message: 'An element could not be located on the page using the given search parameters.',
  stacktrace: 'NoSuchElementError: An element could not be located on the page using the given search parameters.\n' +
    '    at AndroidUiautomator2Driver.findElOrEls (C:\\Users\\Pedro\\Desktop\\repositorio\\ATD_Mod17-Mobile\\node_modules\\appium-uiautomator2-driver\\node_modules\\appium-android-driver\\lib\\commands\\find.ts:86:11)\n' +
    '    at processTicksAndRejections (node:internal/process/task_queues:105:5)\n' +
    '    at AndroidUiautomator2Driver.findElOrElsWithProcessing (C:\\Users\\Pedro\\Desktop\\repositorio\\ATD_Mod17-Mobile\\node_modules\\@appium\\base-driver\\lib\\basedriver\\commands\\find.ts:60:12)\n' +
    '    at AndroidUiautomator2Driver.findElement (C:\\Users\\Pedro\\Desktop\\repositorio\\ATD_Mod17-Mobile\\node_modules\\@appium\\base-driver\\lib\\basedriver\\commands\\find.ts:76:12)\n' +
    '    at runCommandPromise (C:\\Users\\Pedro\\Desktop\\repositorio\\ATD_Mod17-Mobile\\node_modules\\@appium\\base-driver\\lib\\basedriver\\driver.ts:123:16)'
}
2026-08-09T21:07:05.082Z INFO webdriver: COMMAND findElement("xpath", "//*[@resource-id="tab-profile"]/..")
2026-08-09T21:07:05.082Z INFO webdriver: [POST] http://127.0.0.1:62498/session/2f86e85f-809c-4ff1-ba65-abad4d12ecf3/element
2026-08-09T21:07:05.082Z INFO webdriver: DATA { using: 'xpath', value: '//*[@resource-id="tab-profile"]/..' }
2026-08-09T21:07:05.133Z INFO webdriver: RESULT {
  error: 'no such element',
  message: 'An element could not be located on the page using the given search parameters.',
  stacktrace: 'NoSuchElementError: An element could not be located on the page using the given search parameters.\n' +
    '    at AndroidUiautomator2Driver.findElOrEls (C:\\Users\\Pedro\\Desktop\\repositorio\\ATD_Mod17-Mobile\\node_modules\\appium-uiautomator2-driver\\node_modules\\appium-android-driver\\lib\\commands\\find.ts:86:11)\n' +
    '    at processTicksAndRejections (node:internal/process/task_queues:105:5)\n' +
    '    at AndroidUiautomator2Driver.findElOrElsWithProcessing (C:\\Users\\Pedro\\Desktop\\repositorio\\ATD_Mod17-Mobile\\node_modules\\@appium\\base-driver\\lib\\basedriver\\commands\\find.ts:60:12)\n' +
    '    at AndroidUiautomator2Driver.findElement (C:\\Users\\Pedro\\Desktop\\repositorio\\ATD_Mod17-Mobile\\node_modules\\@appium\\base-driver\\lib\\basedriver\\commands\\find.ts:76:12)\n' +
    '    at runCommandPromise (C:\\Users\\Pedro\\Desktop\\repositorio\\ATD_Mod17-Mobile\\node_modules\\@appium\\base-driver\\lib\\basedriver\\driver.ts:123:16)'
}
2026-08-09T21:07:05.193Z INFO webdriver: COMMAND findElement("xpath", "//*[@resource-id="tab-profile"]/..")
2026-08-09T21:07:05.193Z INFO webdriver: [POST] http://127.0.0.1:62498/session/2f86e85f-809c-4ff1-ba65-abad4d12ecf3/element
2026-08-09T21:07:05.193Z INFO webdriver: DATA { using: 'xpath', value: '//*[@resource-id="tab-profile"]/..' }
2026-08-09T21:07:05.252Z INFO webdriver: RESULT {
  error: 'no such element',
  message: 'An element could not be located on the page using the given search parameters.',
  stacktrace: 'NoSuchElementError: An element could not be located on the page using the given search parameters.\n' +
    '    at AndroidUiautomator2Driver.findElOrEls (C:\\Users\\Pedro\\Desktop\\repositorio\\ATD_Mod17-Mobile\\node_modules\\appium-uiautomator2-driver\\node_modules\\appium-android-driver\\lib\\commands\\find.ts:86:11)\n' +
    '    at processTicksAndRejections (node:internal/process/task_queues:105:5)\n' +
    '    at AndroidUiautomator2Driver.findElOrElsWithProcessing (C:\\Users\\Pedro\\Desktop\\repositorio\\ATD_Mod17-Mobile\\node_modules\\@appium\\base-driver\\lib\\basedriver\\commands\\find.ts:60:12)\n' +
    '    at AndroidUiautomator2Driver.findElement (C:\\Users\\Pedro\\Desktop\\repositorio\\ATD_Mod17-Mobile\\node_modules\\@appium\\base-driver\\lib\\basedriver\\commands\\find.ts:76:12)\n' +
    '    at runCommandPromise (C:\\Users\\Pedro\\Desktop\\repositorio\\ATD_Mod17-Mobile\\node_modules\\@appium\\base-driver\\lib\\basedriver\\driver.ts:123:16)'
}
2026-08-09T21:07:05.285Z INFO webdriver: COMMAND findElement("xpath", "//*[@resource-id="tab-profile"]/..")
2026-08-09T21:07:05.286Z INFO webdriver: [POST] http://127.0.0.1:62498/session/2f86e85f-809c-4ff1-ba65-abad4d12ecf3/element
2026-08-09T21:07:05.286Z INFO webdriver: DATA { using: 'xpath', value: '//*[@resource-id="tab-profile"]/..' }
2026-08-09T21:07:05.358Z INFO webdriver: RESULT {
  error: 'no such element',
  message: 'An element could not be located on the page using the given search parameters.',
  stacktrace: 'NoSuchElementError: An element could not be located on the page using the given search parameters.\n' +
    '    at AndroidUiautomator2Driver.findElOrEls (C:\\Users\\Pedro\\Desktop\\repositorio\\ATD_Mod17-Mobile\\node_modules\\appium-uiautomator2-driver\\node_modules\\appium-android-driver\\lib\\commands\\find.ts:86:11)\n' +
    '    at processTicksAndRejections (node:internal/process/task_queues:105:5)\n' +
    '    at AndroidUiautomator2Driver.findElOrElsWithProcessing (C:\\Users\\Pedro\\Desktop\\repositorio\\ATD_Mod17-Mobile\\node_modules\\@appium\\base-driver\\lib\\basedriver\\commands\\find.ts:60:12)\n' +
    '    at AndroidUiautomator2Driver.findElement (C:\\Users\\Pedro\\Desktop\\repositorio\\ATD_Mod17-Mobile\\node_modules\\@appium\\base-driver\\lib\\basedriver\\commands\\find.ts:76:12)\n' +
    '    at runCommandPromise (C:\\Users\\Pedro\\Desktop\\repositorio\\ATD_Mod17-Mobile\\node_modules\\@appium\\base-driver\\lib\\basedriver\\driver.ts:123:16)'
}
2026-08-09T21:07:05.380Z INFO webdriver: COMMAND findElement("xpath", "//*[@resource-id="tab-profile"]/..")
2026-08-09T21:07:05.380Z INFO webdriver: [POST] http://127.0.0.1:62498/session/2f86e85f-809c-4ff1-ba65-abad4d12ecf3/element
2026-08-09T21:07:05.380Z INFO webdriver: DATA { using: 'xpath', value: '//*[@resource-id="tab-profile"]/..' }
2026-08-09T21:07:05.419Z INFO webdriver: RESULT {
  error: 'no such element',
  message: 'An element could not be located on the page using the given search parameters.',
  stacktrace: 'NoSuchElementError: An element could not be located on the page using the given search parameters.\n' +
    '    at AndroidUiautomator2Driver.findElOrEls (C:\\Users\\Pedro\\Desktop\\repositorio\\ATD_Mod17-Mobile\\node_modules\\appium-uiautomator2-driver\\node_modules\\appium-android-driver\\lib\\commands\\find.ts:86:11)\n' +
    '    at processTicksAndRejections (node:internal/process/task_queues:105:5)\n' +
    '    at AndroidUiautomator2Driver.findElOrElsWithProcessing (C:\\Users\\Pedro\\Desktop\\repositorio\\ATD_Mod17-Mobile\\node_modules\\@appium\\base-driver\\lib\\basedriver\\commands\\find.ts:60:12)\n' +
    '    at AndroidUiautomator2Driver.findElement (C:\\Users\\Pedro\\Desktop\\repositorio\\ATD_Mod17-Mobile\\node_modules\\@appium\\base-driver\\lib\\basedriver\\commands\\find.ts:76:12)\n' +
    '    at runCommandPromise (C:\\Users\\Pedro\\Desktop\\repositorio\\ATD_Mod17-Mobile\\node_modules\\@appium\\base-driver\\lib\\basedriver\\driver.ts:123:16)'
}
2026-08-09T21:07:05.490Z INFO webdriver: COMMAND findElement("xpath", "//*[@resource-id="tab-profile"]/..")
2026-08-09T21:07:05.490Z INFO webdriver: [POST] http://127.0.0.1:62498/session/2f86e85f-809c-4ff1-ba65-abad4d12ecf3/element
2026-08-09T21:07:05.490Z INFO webdriver: DATA { using: 'xpath', value: '//*[@resource-id="tab-profile"]/..' }
2026-08-09T21:07:05.575Z INFO webdriver: RESULT {
  error: 'no such element',
  message: 'An element could not be located on the page using the given search parameters.',
  stacktrace: 'NoSuchElementError: An element could not be located on the page using the given search parameters.\n' +
    '    at AndroidUiautomator2Driver.findElOrEls (C:\\Users\\Pedro\\Desktop\\repositorio\\ATD_Mod17-Mobile\\node_modules\\appium-uiautomator2-driver\\node_modules\\appium-android-driver\\lib\\commands\\find.ts:86:11)\n' +
    '    at processTicksAndRejections (node:internal/process/task_queues:105:5)\n' +
    '    at AndroidUiautomator2Driver.findElOrElsWithProcessing (C:\\Users\\Pedro\\Desktop\\repositorio\\ATD_Mod17-Mobile\\node_modules\\@appium\\base-driver\\lib\\basedriver\\commands\\find.ts:60:12)\n' +
    '    at AndroidUiautomator2Driver.findElement (C:\\Users\\Pedro\\Desktop\\repositorio\\ATD_Mod17-Mobile\\node_modules\\@appium\\base-driver\\lib\\basedriver\\commands\\find.ts:76:12)\n' +
    '    at runCommandPromise (C:\\Users\\Pedro\\Desktop\\repositorio\\ATD_Mod17-Mobile\\node_modules\\@appium\\base-driver\\lib\\basedriver\\driver.ts:123:16)'
}
2026-08-09T21:07:05.577Z INFO webdriver: COMMAND findElement("xpath", "//*[@resource-id="tab-profile"]/..")
2026-08-09T21:07:05.577Z INFO webdriver: [POST] http://127.0.0.1:62498/session/2f86e85f-809c-4ff1-ba65-abad4d12ecf3/element
2026-08-09T21:07:05.577Z INFO webdriver: DATA { using: 'xpath', value: '//*[@resource-id="tab-profile"]/..' }
2026-08-09T21:07:05.637Z INFO webdriver: RESULT {
  error: 'no such element',
  message: 'An element could not be located on the page using the given search parameters.',
  stacktrace: 'NoSuchElementError: An element could not be located on the page using the given search parameters.\n' +
    '    at AndroidUiautomator2Driver.findElOrEls (C:\\Users\\Pedro\\Desktop\\repositorio\\ATD_Mod17-Mobile\\node_modules\\appium-uiautomator2-driver\\node_modules\\appium-android-driver\\lib\\commands\\find.ts:86:11)\n' +
    '    at processTicksAndRejections (node:internal/process/task_queues:105:5)\n' +
    '    at AndroidUiautomator2Driver.findElOrElsWithProcessing (C:\\Users\\Pedro\\Desktop\\repositorio\\ATD_Mod17-Mobile\\node_modules\\@appium\\base-driver\\lib\\basedriver\\commands\\find.ts:60:12)\n' +
    '    at AndroidUiautomator2Driver.findElement (C:\\Users\\Pedro\\Desktop\\repositorio\\ATD_Mod17-Mobile\\node_modules\\@appium\\base-driver\\lib\\basedriver\\commands\\find.ts:76:12)\n' +
    '    at runCommandPromise (C:\\Users\\Pedro\\Desktop\\repositorio\\ATD_Mod17-Mobile\\node_modules\\@appium\\base-driver\\lib\\basedriver\\driver.ts:123:16)'
}
2026-08-09T21:07:05.680Z INFO webdriver: COMMAND findElement("xpath", "//*[@resource-id="tab-profile"]/..")
2026-08-09T21:07:05.680Z INFO webdriver: [POST] http://127.0.0.1:62498/session/2f86e85f-809c-4ff1-ba65-abad4d12ecf3/element
2026-08-09T21:07:05.680Z INFO webdriver: DATA { using: 'xpath', value: '//*[@resource-id="tab-profile"]/..' }
2026-08-09T21:07:05.721Z INFO webdriver: RESULT {
  error: 'no such element',
  message: 'An element could not be located on the page using the given search parameters.',
  stacktrace: 'NoSuchElementError: An element could not be located on the page using the given search parameters.\n' +
    '    at AndroidUiautomator2Driver.findElOrEls (C:\\Users\\Pedro\\Desktop\\repositorio\\ATD_Mod17-Mobile\\node_modules\\appium-uiautomator2-driver\\node_modules\\appium-android-driver\\lib\\commands\\find.ts:86:11)\n' +
    '    at processTicksAndRejections (node:internal/process/task_queues:105:5)\n' +
    '    at AndroidUiautomator2Driver.findElOrElsWithProcessing (C:\\Users\\Pedro\\Desktop\\repositorio\\ATD_Mod17-Mobile\\node_modules\\@appium\\base-driver\\lib\\basedriver\\commands\\find.ts:60:12)\n' +
    '    at AndroidUiautomator2Driver.findElement (C:\\Users\\Pedro\\Desktop\\repositorio\\ATD_Mod17-Mobile\\node_modules\\@appium\\base-driver\\lib\\basedriver\\commands\\find.ts:76:12)\n' +
    '    at runCommandPromise (C:\\Users\\Pedro\\Desktop\\repositorio\\ATD_Mod17-Mobile\\node_modules\\@appium\\base-driver\\lib\\basedriver\\driver.ts:123:16)'
}
2026-08-09T21:07:05.788Z INFO webdriver: COMMAND findElement("xpath", "//*[@resource-id="tab-profile"]/..")
2026-08-09T21:07:05.788Z INFO webdriver: [POST] http://127.0.0.1:62498/session/2f86e85f-809c-4ff1-ba65-abad4d12ecf3/element
2026-08-09T21:07:05.788Z INFO webdriver: DATA { using: 'xpath', value: '//*[@resource-id="tab-profile"]/..' }
2026-08-09T21:07:05.832Z INFO webdriver: RESULT {
  error: 'no such element',
  message: 'An element could not be located on the page using the given search parameters.',
  stacktrace: 'NoSuchElementError: An element could not be located on the page using the given search parameters.\n' +
    '    at AndroidUiautomator2Driver.findElOrEls (C:\\Users\\Pedro\\Desktop\\repositorio\\ATD_Mod17-Mobile\\node_modules\\appium-uiautomator2-driver\\node_modules\\appium-android-driver\\lib\\commands\\find.ts:86:11)\n' +
    '    at processTicksAndRejections (node:internal/process/task_queues:105:5)\n' +
    '    at AndroidUiautomator2Driver.findElOrElsWithProcessing (C:\\Users\\Pedro\\Desktop\\repositorio\\ATD_Mod17-Mobile\\node_modules\\@appium\\base-driver\\lib\\basedriver\\commands\\find.ts:60:12)\n' +
    '    at AndroidUiautomator2Driver.findElement (C:\\Users\\Pedro\\Desktop\\repositorio\\ATD_Mod17-Mobile\\node_modules\\@appium\\base-driver\\lib\\basedriver\\commands\\find.ts:76:12)\n' +
    '    at runCommandPromise (C:\\Users\\Pedro\\Desktop\\repositorio\\ATD_Mod17-Mobile\\node_modules\\@appium\\base-driver\\lib\\basedriver\\driver.ts:123:16)'
}
2026-08-09T21:07:05.883Z INFO webdriver: COMMAND findElement("xpath", "//*[@resource-id="tab-profile"]/..")
2026-08-09T21:07:05.883Z INFO webdriver: [POST] http://127.0.0.1:62498/session/2f86e85f-809c-4ff1-ba65-abad4d12ecf3/element
2026-08-09T21:07:05.883Z INFO webdriver: DATA { using: 'xpath', value: '//*[@resource-id="tab-profile"]/..' }
2026-08-09T21:07:05.934Z INFO webdriver: RESULT {
  error: 'no such element',
  message: 'An element could not be located on the page using the given search parameters.',
  stacktrace: 'NoSuchElementError: An element could not be located on the page using the given search parameters.\n' +
    '    at AndroidUiautomator2Driver.findElOrEls (C:\\Users\\Pedro\\Desktop\\repositorio\\ATD_Mod17-Mobile\\node_modules\\appium-uiautomator2-driver\\node_modules\\appium-android-driver\\lib\\commands\\find.ts:86:11)\n' +
    '    at processTicksAndRejections (node:internal/process/task_queues:105:5)\n' +
    '    at AndroidUiautomator2Driver.findElOrElsWithProcessing (C:\\Users\\Pedro\\Desktop\\repositorio\\ATD_Mod17-Mobile\\node_modules\\@appium\\base-driver\\lib\\basedriver\\commands\\find.ts:60:12)\n' +
    '    at AndroidUiautomator2Driver.findElement (C:\\Users\\Pedro\\Desktop\\repositorio\\ATD_Mod17-Mobile\\node_modules\\@appium\\base-driver\\lib\\basedriver\\commands\\find.ts:76:12)\n' +
    '    at runCommandPromise (C:\\Users\\Pedro\\Desktop\\repositorio\\ATD_Mod17-Mobile\\node_modules\\@appium\\base-driver\\lib\\basedriver\\driver.ts:123:16)'
}
2026-08-09T21:07:05.993Z INFO webdriver: COMMAND findElement("xpath", "//*[@resource-id="tab-profile"]/..")
2026-08-09T21:07:05.993Z INFO webdriver: [POST] http://127.0.0.1:62498/session/2f86e85f-809c-4ff1-ba65-abad4d12ecf3/element
2026-08-09T21:07:05.993Z INFO webdriver: DATA { using: 'xpath', value: '//*[@resource-id="tab-profile"]/..' }
2026-08-09T21:07:06.029Z INFO webdriver: RESULT {
  error: 'no such element',
  message: 'An element could not be located on the page using the given search parameters.',
  stacktrace: 'NoSuchElementError: An element could not be located on the page using the given search parameters.\n' +
    '    at AndroidUiautomator2Driver.findElOrEls (C:\\Users\\Pedro\\Desktop\\repositorio\\ATD_Mod17-Mobile\\node_modules\\appium-uiautomator2-driver\\node_modules\\appium-android-driver\\lib\\commands\\find.ts:86:11)\n' +
    '    at processTicksAndRejections (node:internal/process/task_queues:105:5)\n' +
    '    at AndroidUiautomator2Driver.findElOrElsWithProcessing (C:\\Users\\Pedro\\Desktop\\repositorio\\ATD_Mod17-Mobile\\node_modules\\@appium\\base-driver\\lib\\basedriver\\commands\\find.ts:60:12)\n' +
    '    at AndroidUiautomator2Driver.findElement (C:\\Users\\Pedro\\Desktop\\repositorio\\ATD_Mod17-Mobile\\node_modules\\@appium\\base-driver\\lib\\basedriver\\commands\\find.ts:76:12)\n' +
    '    at runCommandPromise (C:\\Users\\Pedro\\Desktop\\repositorio\\ATD_Mod17-Mobile\\node_modules\\@appium\\base-driver\\lib\\basedriver\\driver.ts:123:16)'
}
2026-08-09T21:07:06.087Z INFO webdriver: COMMAND findElement("xpath", "//*[@resource-id="tab-profile"]/..")
2026-08-09T21:07:06.087Z INFO webdriver: [POST] http://127.0.0.1:62498/session/2f86e85f-809c-4ff1-ba65-abad4d12ecf3/element
2026-08-09T21:07:06.087Z INFO webdriver: DATA { using: 'xpath', value: '//*[@resource-id="tab-profile"]/..' }
2026-08-09T21:07:06.126Z INFO webdriver: RESULT {
  error: 'no such element',
  message: 'An element could not be located on the page using the given search parameters.',
  stacktrace: 'NoSuchElementError: An element could not be located on the page using the given search parameters.\n' +
    '    at AndroidUiautomator2Driver.findElOrEls (C:\\Users\\Pedro\\Desktop\\repositorio\\ATD_Mod17-Mobile\\node_modules\\appium-uiautomator2-driver\\node_modules\\appium-android-driver\\lib\\commands\\find.ts:86:11)\n' +
    '    at processTicksAndRejections (node:internal/process/task_queues:105:5)\n' +
    '    at AndroidUiautomator2Driver.findElOrElsWithProcessing (C:\\Users\\Pedro\\Desktop\\repositorio\\ATD_Mod17-Mobile\\node_modules\\@appium\\base-driver\\lib\\basedriver\\commands\\find.ts:60:12)\n' +
    '    at AndroidUiautomator2Driver.findElement (C:\\Users\\Pedro\\Desktop\\repositorio\\ATD_Mod17-Mobile\\node_modules\\@appium\\base-driver\\lib\\basedriver\\commands\\find.ts:76:12)\n' +
    '    at runCommandPromise (C:\\Users\\Pedro\\Desktop\\repositorio\\ATD_Mod17-Mobile\\node_modules\\@appium\\base-driver\\lib\\basedriver\\driver.ts:123:16)'
}
2026-08-09T21:07:06.181Z INFO webdriver: COMMAND findElement("xpath", "//*[@resource-id="tab-profile"]/..")
2026-08-09T21:07:06.181Z INFO webdriver: [POST] http://127.0.0.1:62498/session/2f86e85f-809c-4ff1-ba65-abad4d12ecf3/element
2026-08-09T21:07:06.181Z INFO webdriver: DATA { using: 'xpath', value: '//*[@resource-id="tab-profile"]/..' }
2026-08-09T21:07:06.221Z INFO webdriver: RESULT {
  error: 'no such element',
  message: 'An element could not be located on the page using the given search parameters.',
  stacktrace: 'NoSuchElementError: An element could not be located on the page using the given search parameters.\n' +
    '    at AndroidUiautomator2Driver.findElOrEls (C:\\Users\\Pedro\\Desktop\\repositorio\\ATD_Mod17-Mobile\\node_modules\\appium-uiautomator2-driver\\node_modules\\appium-android-driver\\lib\\commands\\find.ts:86:11)\n' +
    '    at processTicksAndRejections (node:internal/process/task_queues:105:5)\n' +
    '    at AndroidUiautomator2Driver.findElOrElsWithProcessing (C:\\Users\\Pedro\\Desktop\\repositorio\\ATD_Mod17-Mobile\\node_modules\\@appium\\base-driver\\lib\\basedriver\\commands\\find.ts:60:12)\n' +
    '    at AndroidUiautomator2Driver.findElement (C:\\Users\\Pedro\\Desktop\\repositorio\\ATD_Mod17-Mobile\\node_modules\\@appium\\base-driver\\lib\\basedriver\\commands\\find.ts:76:12)\n' +
    '    at runCommandPromise (C:\\Users\\Pedro\\Desktop\\repositorio\\ATD_Mod17-Mobile\\node_modules\\@appium\\base-driver\\lib\\basedriver\\driver.ts:123:16)'
}
2026-08-09T21:07:06.289Z INFO webdriver: COMMAND findElement("xpath", "//*[@resource-id="tab-profile"]/..")
2026-08-09T21:07:06.289Z INFO webdriver: [POST] http://127.0.0.1:62498/session/2f86e85f-809c-4ff1-ba65-abad4d12ecf3/element
2026-08-09T21:07:06.289Z INFO webdriver: DATA { using: 'xpath', value: '//*[@resource-id="tab-profile"]/..' }
2026-08-09T21:07:06.346Z INFO webdriver: RESULT {
  error: 'no such element',
  message: 'An element could not be located on the page using the given search parameters.',
  stacktrace: 'NoSuchElementError: An element could not be located on the page using the given search parameters.\n' +
    '    at AndroidUiautomator2Driver.findElOrEls (C:\\Users\\Pedro\\Desktop\\repositorio\\ATD_Mod17-Mobile\\node_modules\\appium-uiautomator2-driver\\node_modules\\appium-android-driver\\lib\\commands\\find.ts:86:11)\n' +
    '    at processTicksAndRejections (node:internal/process/task_queues:105:5)\n' +
    '    at AndroidUiautomator2Driver.findElOrElsWithProcessing (C:\\Users\\Pedro\\Desktop\\repositorio\\ATD_Mod17-Mobile\\node_modules\\@appium\\base-driver\\lib\\basedriver\\commands\\find.ts:60:12)\n' +
    '    at AndroidUiautomator2Driver.findElement (C:\\Users\\Pedro\\Desktop\\repositorio\\ATD_Mod17-Mobile\\node_modules\\@appium\\base-driver\\lib\\basedriver\\commands\\find.ts:76:12)\n' +
    '    at runCommandPromise (C:\\Users\\Pedro\\Desktop\\repositorio\\ATD_Mod17-Mobile\\node_modules\\@appium\\base-driver\\lib\\basedriver\\driver.ts:123:16)'
}
2026-08-09T21:07:06.381Z INFO webdriver: COMMAND findElement("xpath", "//*[@resource-id="tab-profile"]/..")
2026-08-09T21:07:06.382Z INFO webdriver: [POST] http://127.0.0.1:62498/session/2f86e85f-809c-4ff1-ba65-abad4d12ecf3/element
2026-08-09T21:07:06.382Z INFO webdriver: DATA { using: 'xpath', value: '//*[@resource-id="tab-profile"]/..' }
2026-08-09T21:07:06.416Z INFO webdriver: RESULT {
  error: 'no such element',
  message: 'An element could not be located on the page using the given search parameters.',
  stacktrace: 'NoSuchElementError: An element could not be located on the page using the given search parameters.\n' +
    '    at AndroidUiautomator2Driver.findElOrEls (C:\\Users\\Pedro\\Desktop\\repositorio\\ATD_Mod17-Mobile\\node_modules\\appium-uiautomator2-driver\\node_modules\\appium-android-driver\\lib\\commands\\find.ts:86:11)\n' +
    '    at processTicksAndRejections (node:internal/process/task_queues:105:5)\n' +
    '    at AndroidUiautomator2Driver.findElOrElsWithProcessing (C:\\Users\\Pedro\\Desktop\\repositorio\\ATD_Mod17-Mobile\\node_modules\\@appium\\base-driver\\lib\\basedriver\\commands\\find.ts:60:12)\n' +
    '    at AndroidUiautomator2Driver.findElement (C:\\Users\\Pedro\\Desktop\\repositorio\\ATD_Mod17-Mobile\\node_modules\\@appium\\base-driver\\lib\\basedriver\\commands\\find.ts:76:12)\n' +
    '    at runCommandPromise (C:\\Users\\Pedro\\Desktop\\repositorio\\ATD_Mod17-Mobile\\node_modules\\@appium\\base-driver\\lib\\basedriver\\driver.ts:123:16)'
}
2026-08-09T21:07:06.478Z INFO webdriver: COMMAND findElement("xpath", "//*[@resource-id="tab-profile"]/..")
2026-08-09T21:07:06.478Z INFO webdriver: [POST] http://127.0.0.1:62498/session/2f86e85f-809c-4ff1-ba65-abad4d12ecf3/element
2026-08-09T21:07:06.478Z INFO webdriver: DATA { using: 'xpath', value: '//*[@resource-id="tab-profile"]/..' }
2026-08-09T21:07:06.524Z INFO webdriver: RESULT {
  error: 'no such element',
  message: 'An element could not be located on the page using the given search parameters.',
  stacktrace: 'NoSuchElementError: An element could not be located on the page using the given search parameters.\n' +
    '    at AndroidUiautomator2Driver.findElOrEls (C:\\Users\\Pedro\\Desktop\\repositorio\\ATD_Mod17-Mobile\\node_modules\\appium-uiautomator2-driver\\node_modules\\appium-android-driver\\lib\\commands\\find.ts:86:11)\n' +
    '    at processTicksAndRejections (node:internal/process/task_queues:105:5)\n' +
    '    at AndroidUiautomator2Driver.findElOrElsWithProcessing (C:\\Users\\Pedro\\Desktop\\repositorio\\ATD_Mod17-Mobile\\node_modules\\@appium\\base-driver\\lib\\basedriver\\commands\\find.ts:60:12)\n' +
    '    at AndroidUiautomator2Driver.findElement (C:\\Users\\Pedro\\Desktop\\repositorio\\ATD_Mod17-Mobile\\node_modules\\@appium\\base-driver\\lib\\basedriver\\commands\\find.ts:76:12)\n' +
    '    at runCommandPromise (C:\\Users\\Pedro\\Desktop\\repositorio\\ATD_Mod17-Mobile\\node_modules\\@appium\\base-driver\\lib\\basedriver\\driver.ts:123:16)'
}
2026-08-09T21:07:06.586Z INFO webdriver: COMMAND findElement("xpath", "//*[@resource-id="tab-profile"]/..")
2026-08-09T21:07:06.586Z INFO webdriver: [POST] http://127.0.0.1:62498/session/2f86e85f-809c-4ff1-ba65-abad4d12ecf3/element
2026-08-09T21:07:06.586Z INFO webdriver: DATA { using: 'xpath', value: '//*[@resource-id="tab-profile"]/..' }
2026-08-09T21:07:06.628Z INFO webdriver: RESULT {
  error: 'no such element',
  message: 'An element could not be located on the page using the given search parameters.',
  stacktrace: 'NoSuchElementError: An element could not be located on the page using the given search parameters.\n' +
    '    at AndroidUiautomator2Driver.findElOrEls (C:\\Users\\Pedro\\Desktop\\repositorio\\ATD_Mod17-Mobile\\node_modules\\appium-uiautomator2-driver\\node_modules\\appium-android-driver\\lib\\commands\\find.ts:86:11)\n' +
    '    at processTicksAndRejections (node:internal/process/task_queues:105:5)\n' +
    '    at AndroidUiautomator2Driver.findElOrElsWithProcessing (C:\\Users\\Pedro\\Desktop\\repositorio\\ATD_Mod17-Mobile\\node_modules\\@appium\\base-driver\\lib\\basedriver\\commands\\find.ts:60:12)\n' +
    '    at AndroidUiautomator2Driver.findElement (C:\\Users\\Pedro\\Desktop\\repositorio\\ATD_Mod17-Mobile\\node_modules\\@appium\\base-driver\\lib\\basedriver\\commands\\find.ts:76:12)\n' +
    '    at runCommandPromise (C:\\Users\\Pedro\\Desktop\\repositorio\\ATD_Mod17-Mobile\\node_modules\\@appium\\base-driver\\lib\\basedriver\\driver.ts:123:16)'
}
2026-08-09T21:07:06.681Z INFO webdriver: COMMAND findElement("xpath", "//*[@resource-id="tab-profile"]/..")
2026-08-09T21:07:06.681Z INFO webdriver: [POST] http://127.0.0.1:62498/session/2f86e85f-809c-4ff1-ba65-abad4d12ecf3/element
2026-08-09T21:07:06.681Z INFO webdriver: DATA { using: 'xpath', value: '//*[@resource-id="tab-profile"]/..' }
2026-08-09T21:07:06.721Z INFO webdriver: RESULT {
  error: 'no such element',
  message: 'An element could not be located on the page using the given search parameters.',
  stacktrace: 'NoSuchElementError: An element could not be located on the page using the given search parameters.\n' +
    '    at AndroidUiautomator2Driver.findElOrEls (C:\\Users\\Pedro\\Desktop\\repositorio\\ATD_Mod17-Mobile\\node_modules\\appium-uiautomator2-driver\\node_modules\\appium-android-driver\\lib\\commands\\find.ts:86:11)\n' +
    '    at processTicksAndRejections (node:internal/process/task_queues:105:5)\n' +
    '    at AndroidUiautomator2Driver.findElOrElsWithProcessing (C:\\Users\\Pedro\\Desktop\\repositorio\\ATD_Mod17-Mobile\\node_modules\\@appium\\base-driver\\lib\\basedriver\\commands\\find.ts:60:12)\n' +
    '    at AndroidUiautomator2Driver.findElement (C:\\Users\\Pedro\\Desktop\\repositorio\\ATD_Mod17-Mobile\\node_modules\\@appium\\base-driver\\lib\\basedriver\\commands\\find.ts:76:12)\n' +
    '    at runCommandPromise (C:\\Users\\Pedro\\Desktop\\repositorio\\ATD_Mod17-Mobile\\node_modules\\@appium\\base-driver\\lib\\basedriver\\driver.ts:123:16)'
}
2026-08-09T21:07:06.790Z INFO webdriver: COMMAND findElement("xpath", "//*[@resource-id="tab-profile"]/..")
2026-08-09T21:07:06.790Z INFO webdriver: [POST] http://127.0.0.1:62498/session/2f86e85f-809c-4ff1-ba65-abad4d12ecf3/element
2026-08-09T21:07:06.790Z INFO webdriver: DATA { using: 'xpath', value: '//*[@resource-id="tab-profile"]/..' }
2026-08-09T21:07:06.832Z INFO webdriver: RESULT {
  error: 'no such element',
  message: 'An element could not be located on the page using the given search parameters.',
  stacktrace: 'NoSuchElementError: An element could not be located on the page using the given search parameters.\n' +
    '    at AndroidUiautomator2Driver.findElOrEls (C:\\Users\\Pedro\\Desktop\\repositorio\\ATD_Mod17-Mobile\\node_modules\\appium-uiautomator2-driver\\node_modules\\appium-android-driver\\lib\\commands\\find.ts:86:11)\n' +
    '    at processTicksAndRejections (node:internal/process/task_queues:105:5)\n' +
    '    at AndroidUiautomator2Driver.findElOrElsWithProcessing (C:\\Users\\Pedro\\Desktop\\repositorio\\ATD_Mod17-Mobile\\node_modules\\@appium\\base-driver\\lib\\basedriver\\commands\\find.ts:60:12)\n' +
    '    at AndroidUiautomator2Driver.findElement (C:\\Users\\Pedro\\Desktop\\repositorio\\ATD_Mod17-Mobile\\node_modules\\@appium\\base-driver\\lib\\basedriver\\commands\\find.ts:76:12)\n' +
    '    at runCommandPromise (C:\\Users\\Pedro\\Desktop\\repositorio\\ATD_Mod17-Mobile\\node_modules\\@appium\\base-driver\\lib\\basedriver\\driver.ts:123:16)'
}
2026-08-09T21:07:06.883Z INFO webdriver: COMMAND findElement("xpath", "//*[@resource-id="tab-profile"]/..")
2026-08-09T21:07:06.883Z INFO webdriver: [POST] http://127.0.0.1:62498/session/2f86e85f-809c-4ff1-ba65-abad4d12ecf3/element
2026-08-09T21:07:06.883Z INFO webdriver: DATA { using: 'xpath', value: '//*[@resource-id="tab-profile"]/..' }
2026-08-09T21:07:06.946Z INFO webdriver: RESULT {
  error: 'no such element',
  message: 'An element could not be located on the page using the given search parameters.',
  stacktrace: 'NoSuchElementError: An element could not be located on the page using the given search parameters.\n' +
    '    at AndroidUiautomator2Driver.findElOrEls (C:\\Users\\Pedro\\Desktop\\repositorio\\ATD_Mod17-Mobile\\node_modules\\appium-uiautomator2-driver\\node_modules\\appium-android-driver\\lib\\commands\\find.ts:86:11)\n' +
    '    at processTicksAndRejections (node:internal/process/task_queues:105:5)\n' +
    '    at AndroidUiautomator2Driver.findElOrElsWithProcessing (C:\\Users\\Pedro\\Desktop\\repositorio\\ATD_Mod17-Mobile\\node_modules\\@appium\\base-driver\\lib\\basedriver\\commands\\find.ts:60:12)\n' +
    '    at AndroidUiautomator2Driver.findElement (C:\\Users\\Pedro\\Desktop\\repositorio\\ATD_Mod17-Mobile\\node_modules\\@appium\\base-driver\\lib\\basedriver\\commands\\find.ts:76:12)\n' +
    '    at runCommandPromise (C:\\Users\\Pedro\\Desktop\\repositorio\\ATD_Mod17-Mobile\\node_modules\\@appium\\base-driver\\lib\\basedriver\\driver.ts:123:16)'
}
2026-08-09T21:07:06.978Z INFO webdriver: COMMAND findElement("xpath", "//*[@resource-id="tab-profile"]/..")
2026-08-09T21:07:06.979Z INFO webdriver: [POST] http://127.0.0.1:62498/session/2f86e85f-809c-4ff1-ba65-abad4d12ecf3/element
2026-08-09T21:07:06.979Z INFO webdriver: DATA { using: 'xpath', value: '//*[@resource-id="tab-profile"]/..' }
2026-08-09T21:07:07.020Z INFO webdriver: RESULT {
  error: 'no such element',
  message: 'An element could not be located on the page using the given search parameters.',
  stacktrace: 'NoSuchElementError: An element could not be located on the page using the given search parameters.\n' +
    '    at AndroidUiautomator2Driver.findElOrEls (C:\\Users\\Pedro\\Desktop\\repositorio\\ATD_Mod17-Mobile\\node_modules\\appium-uiautomator2-driver\\node_modules\\appium-android-driver\\lib\\commands\\find.ts:86:11)\n' +
    '    at processTicksAndRejections (node:internal/process/task_queues:105:5)\n' +
    '    at AndroidUiautomator2Driver.findElOrElsWithProcessing (C:\\Users\\Pedro\\Desktop\\repositorio\\ATD_Mod17-Mobile\\node_modules\\@appium\\base-driver\\lib\\basedriver\\commands\\find.ts:60:12)\n' +
    '    at AndroidUiautomator2Driver.findElement (C:\\Users\\Pedro\\Desktop\\repositorio\\ATD_Mod17-Mobile\\node_modules\\@appium\\base-driver\\lib\\basedriver\\commands\\find.ts:76:12)\n' +
    '    at runCommandPromise (C:\\Users\\Pedro\\Desktop\\repositorio\\ATD_Mod17-Mobile\\node_modules\\@appium\\base-driver\\lib\\basedriver\\driver.ts:123:16)'
}
2026-08-09T21:07:07.089Z INFO webdriver: COMMAND findElement("xpath", "//*[@resource-id="tab-profile"]/..")
2026-08-09T21:07:07.090Z INFO webdriver: [POST] http://127.0.0.1:62498/session/2f86e85f-809c-4ff1-ba65-abad4d12ecf3/element
2026-08-09T21:07:07.090Z INFO webdriver: DATA { using: 'xpath', value: '//*[@resource-id="tab-profile"]/..' }
2026-08-09T21:07:35.659Z INFO webdriver: RESULT {
  'element-6066-11e4-a52e-4f735466cecf': '00000000-0000-0269-ffff-ffff00002b7e',
  ELEMENT: '00000000-0000-0269-ffff-ffff00002b7e'
}
2026-08-09T21:07:35.660Z INFO webdriver: COMMAND isElementDisplayed("00000000-0000-0269-ffff-ffff00002b7e")
2026-08-09T21:07:35.660Z INFO webdriver: [GET] http://127.0.0.1:62498/session/2f86e85f-809c-4ff1-ba65-abad4d12ecf3/element/00000000-0000-0269-ffff-ffff00002b7e/displayed
2026-08-09T21:07:35.676Z INFO webdriver: RESULT true
2026-08-09T21:07:35.676Z INFO webdriver: COMMAND elementClick("00000000-0000-0269-ffff-ffff00002b7e")
2026-08-09T21:07:35.676Z INFO webdriver: [POST] http://127.0.0.1:62498/session/2f86e85f-809c-4ff1-ba65-abad4d12ecf3/element/00000000-0000-0269-ffff-ffff00002b7e/click
2026-08-09T21:07:35.790Z INFO webdriver: RESULT null
2026-08-09T21:07:35.791Z INFO webdriver: COMMAND findElement("-android uiautomator", "new UiSelector().text("EBAC Cliente")")
2026-08-09T21:07:35.791Z INFO webdriver: [POST] http://127.0.0.1:62498/session/2f86e85f-809c-4ff1-ba65-abad4d12ecf3/element
2026-08-09T21:07:35.791Z INFO webdriver: DATA {
  using: '-android uiautomator',
  value: 'new UiSelector().text("EBAC Cliente")'
}
2026-08-09T21:07:36.591Z INFO webdriver: RESULT {
  'element-6066-11e4-a52e-4f735466cecf': '00000000-0000-0269-ffff-ffff000045b1',
  ELEMENT: '00000000-0000-0269-ffff-ffff000045b1'
}
2026-08-09T21:07:36.592Z INFO webdriver: COMMAND isElementDisplayed("00000000-0000-0269-ffff-ffff000045b1")
2026-08-09T21:07:36.592Z INFO webdriver: [GET] http://127.0.0.1:62498/session/2f86e85f-809c-4ff1-ba65-abad4d12ecf3/element/00000000-0000-0269-ffff-ffff000045b1/displayed
2026-08-09T21:07:36.608Z INFO webdriver: RESULT true
2026-08-09T21:07:36.610Z INFO webdriver: COMMAND isElementDisplayed("00000000-0000-0269-ffff-ffff000045b1")
2026-08-09T21:07:36.610Z INFO webdriver: [GET] http://127.0.0.1:62498/session/2f86e85f-809c-4ff1-ba65-abad4d12ecf3/element/00000000-0000-0269-ffff-ffff000045b1/displayed
2026-08-09T21:07:36.628Z INFO webdriver: RESULT true
2026-08-09T21:07:36.631Z INFO webdriver: COMMAND deleteSession()
2026-08-09T21:07:36.631Z INFO webdriver: [DELETE] http://127.0.0.1:62498/session/2f86e85f-809c-4ff1-ba65-abad4d12ecf3
2026-08-09T21:07:37.573Z INFO webdriver: RESULT null
