2026-08-09T20:36:25.409Z INFO @wdio/local-runner: Run worker command: run
2026-08-09T20:36:25.630Z INFO webdriver: Initiate new session using the WebDriver protocol
2026-08-09T20:36:25.630Z INFO @wdio/utils: Connecting to existing driver at http://127.0.0.1:52955/
2026-08-09T20:36:25.639Z INFO webdriver: [POST] http://127.0.0.1:52955/session
2026-08-09T20:36:31.697Z INFO webdriver: COMMAND setTimeouts(3000, 60000, 60000)
2026-08-09T20:36:31.697Z INFO webdriver: [POST] http://127.0.0.1:52955/session/e8779fab-a5d2-4a49-9995-b05a1bf4f31f/timeouts
2026-08-09T20:36:31.698Z INFO webdriver: DATA { implicit: 3000, pageLoad: 60000, script: 60000 }
2026-08-09T20:36:31.708Z WARN webdriver: WebDriverError: Not implemented yet for script. when running "timeouts" with method "POST" and args "{"implicit":3000,"pageLoad":60000,"script":60000}"
2026-08-09T20:36:31.709Z INFO webdriver: Retrying 1/3
2026-08-09T20:36:31.709Z INFO webdriver: [POST] http://127.0.0.1:52955/session/e8779fab-a5d2-4a49-9995-b05a1bf4f31f/timeouts
2026-08-09T20:36:31.709Z INFO webdriver: DATA { implicit: 3000, pageLoad: 60000, script: 60000 }
2026-08-09T20:36:32.217Z WARN webdriver: WebDriverError: Not implemented yet for script. when running "timeouts" with method "POST" and args "{"implicit":3000,"pageLoad":60000,"script":60000}"
2026-08-09T20:36:32.218Z INFO webdriver: Retrying 2/3
2026-08-09T20:36:32.218Z INFO webdriver: [POST] http://127.0.0.1:52955/session/e8779fab-a5d2-4a49-9995-b05a1bf4f31f/timeouts
2026-08-09T20:36:32.218Z INFO webdriver: DATA { implicit: 3000, pageLoad: 60000, script: 60000 }
2026-08-09T20:36:33.228Z WARN webdriver: WebDriverError: Not implemented yet for script. when running "timeouts" with method "POST" and args "{"implicit":3000,"pageLoad":60000,"script":60000}"
2026-08-09T20:36:33.228Z INFO webdriver: Retrying 3/3
2026-08-09T20:36:33.228Z INFO webdriver: [POST] http://127.0.0.1:52955/session/e8779fab-a5d2-4a49-9995-b05a1bf4f31f/timeouts
2026-08-09T20:36:33.228Z INFO webdriver: DATA { implicit: 3000, pageLoad: 60000, script: 60000 }
2026-08-09T20:36:33.234Z ERROR webdriver: WebDriverError: Not implemented yet for script. when running "timeouts" with method "POST" and args "{"implicit":3000,"pageLoad":60000,"script":60000}"
2026-08-09T20:36:33.246Z ERROR @wdio/utils:shim: unknown method: WebDriverError: Not implemented yet for script. when running "timeouts" with method "POST" and args "{"implicit":3000,"pageLoad":60000,"script":60000}"
    at FetchRequest._request (file:///C:/Users/Pedro/Desktop/repositorio/ATD_Mod17-Mobile/node_modules/webdriver/build/node.js:1968:19)
    at process.processTicksAndRejections (node:internal/process/task_queues:105:5)
    at async Browser.wrapCommandFn (C:\Users\Pedro\Desktop\repositorio\ATD_Mod17-Mobile\node_modules\@wdio\utils\build\index.js:982:23)
    at async Browser.wrapCommandFn (C:\Users\Pedro\Desktop\repositorio\ATD_Mod17-Mobile\node_modules\@wdio\utils\build\index.js:982:23)
    at async Object.before (file:///C:/Users/Pedro/Desktop/repositorio/ATD_Mod17-Mobile/wdio.conf.js:86:9)
    at async Promise.all (index 0)
    at async executeHooksWithArgs (C:\Users\Pedro\Desktop\repositorio\ATD_Mod17-Mobile\node_modules\@wdio\utils\build\index.js:965:18)
    at async Runner.run (file:///C:/Users/Pedro/Desktop/repositorio/ATD_Mod17-Mobile/node_modules/@wdio/runner/build/index.js:711:5)
2026-08-09T20:36:33.256Z INFO webdriver: COMMAND findElement("xpath", "//*[@resource-id="tab-profile"]")
2026-08-09T20:36:33.257Z INFO webdriver: [POST] http://127.0.0.1:52955/session/e8779fab-a5d2-4a49-9995-b05a1bf4f31f/element
2026-08-09T20:36:33.257Z INFO webdriver: DATA { using: 'xpath', value: '//*[@resource-id="tab-profile"]' }
2026-08-09T20:36:33.941Z INFO webdriver: RESULT {
  'element-6066-11e4-a52e-4f735466cecf': '00000000-0000-0215-ffff-ffff00000047',
  ELEMENT: '00000000-0000-0215-ffff-ffff00000047'
}
2026-08-09T20:36:33.946Z INFO webdriver: COMMAND isElementDisplayed("00000000-0000-0215-ffff-ffff00000047")
2026-08-09T20:36:33.947Z INFO webdriver: [GET] http://127.0.0.1:52955/session/e8779fab-a5d2-4a49-9995-b05a1bf4f31f/element/00000000-0000-0215-ffff-ffff00000047/displayed
2026-08-09T20:36:33.967Z INFO webdriver: RESULT true
2026-08-09T20:36:33.968Z INFO webdriver: COMMAND elementClick("00000000-0000-0215-ffff-ffff00000047")
2026-08-09T20:36:33.968Z INFO webdriver: [POST] http://127.0.0.1:52955/session/e8779fab-a5d2-4a49-9995-b05a1bf4f31f/element/00000000-0000-0215-ffff-ffff00000047/click
2026-08-09T20:36:34.072Z INFO webdriver: RESULT null
2026-08-09T20:36:34.072Z INFO webdriver: COMMAND findElement("-android uiautomator", "new UiSelector().text("Sign up")")
2026-08-09T20:36:34.073Z INFO webdriver: [POST] http://127.0.0.1:52955/session/e8779fab-a5d2-4a49-9995-b05a1bf4f31f/element
2026-08-09T20:36:34.073Z INFO webdriver: DATA {
  using: '-android uiautomator',
  value: 'new UiSelector().text("Sign up")'
}
2026-08-09T20:36:34.168Z INFO webdriver: RESULT {
  error: 'no such element',
  message: 'An element could not be located on the page using the given search parameters.',
  stacktrace: 'NoSuchElementError: An element could not be located on the page using the given search parameters.\n' +
    '    at AndroidUiautomator2Driver.findElOrEls (C:\\Users\\Pedro\\Desktop\\repositorio\\ATD_Mod17-Mobile\\node_modules\\appium-uiautomator2-driver\\node_modules\\appium-android-driver\\lib\\commands\\find.ts:86:11)\n' +
    '    at processTicksAndRejections (node:internal/process/task_queues:105:5)\n' +
    '    at AndroidUiautomator2Driver.findElOrElsWithProcessing (C:\\Users\\Pedro\\Desktop\\repositorio\\ATD_Mod17-Mobile\\node_modules\\@appium\\base-driver\\lib\\basedriver\\commands\\find.ts:60:12)\n' +
    '    at AndroidUiautomator2Driver.findElement (C:\\Users\\Pedro\\Desktop\\repositorio\\ATD_Mod17-Mobile\\node_modules\\@appium\\base-driver\\lib\\basedriver\\commands\\find.ts:76:12)\n' +
    '    at runCommandPromise (C:\\Users\\Pedro\\Desktop\\repositorio\\ATD_Mod17-Mobile\\node_modules\\@appium\\base-driver\\lib\\basedriver\\driver.ts:123:16)'
}
2026-08-09T20:36:34.172Z INFO webdriver: COMMAND findElement("-android uiautomator", "new UiSelector().text("Sign up")")
2026-08-09T20:36:34.172Z INFO webdriver: [POST] http://127.0.0.1:52955/session/e8779fab-a5d2-4a49-9995-b05a1bf4f31f/element
2026-08-09T20:36:34.172Z INFO webdriver: DATA {
  using: '-android uiautomator',
  value: 'new UiSelector().text("Sign up")'
}
2026-08-09T20:36:34.297Z INFO webdriver: RESULT {
  error: 'no such element',
  message: 'An element could not be located on the page using the given search parameters.',
  stacktrace: 'NoSuchElementError: An element could not be located on the page using the given search parameters.\n' +
    '    at AndroidUiautomator2Driver.findElOrEls (C:\\Users\\Pedro\\Desktop\\repositorio\\ATD_Mod17-Mobile\\node_modules\\appium-uiautomator2-driver\\node_modules\\appium-android-driver\\lib\\commands\\find.ts:86:11)\n' +
    '    at processTicksAndRejections (node:internal/process/task_queues:105:5)\n' +
    '    at AndroidUiautomator2Driver.findElOrElsWithProcessing (C:\\Users\\Pedro\\Desktop\\repositorio\\ATD_Mod17-Mobile\\node_modules\\@appium\\base-driver\\lib\\basedriver\\commands\\find.ts:60:12)\n' +
    '    at AndroidUiautomator2Driver.findElement (C:\\Users\\Pedro\\Desktop\\repositorio\\ATD_Mod17-Mobile\\node_modules\\@appium\\base-driver\\lib\\basedriver\\commands\\find.ts:76:12)\n' +
    '    at runCommandPromise (C:\\Users\\Pedro\\Desktop\\repositorio\\ATD_Mod17-Mobile\\node_modules\\@appium\\base-driver\\lib\\basedriver\\driver.ts:123:16)'
}
2026-08-09T20:36:34.306Z INFO webdriver: COMMAND findElement("-android uiautomator", "new UiSelector().text("Sign up")")
2026-08-09T20:36:34.307Z INFO webdriver: [POST] http://127.0.0.1:52955/session/e8779fab-a5d2-4a49-9995-b05a1bf4f31f/element
2026-08-09T20:36:34.307Z INFO webdriver: DATA {
  using: '-android uiautomator',
  value: 'new UiSelector().text("Sign up")'
}
2026-08-09T20:36:34.666Z INFO webdriver: RESULT {
  error: 'no such element',
  message: 'An element could not be located on the page using the given search parameters.',
  stacktrace: 'NoSuchElementError: An element could not be located on the page using the given search parameters.\n' +
    '    at AndroidUiautomator2Driver.findElOrEls (C:\\Users\\Pedro\\Desktop\\repositorio\\ATD_Mod17-Mobile\\node_modules\\appium-uiautomator2-driver\\node_modules\\appium-android-driver\\lib\\commands\\find.ts:86:11)\n' +
    '    at processTicksAndRejections (node:internal/process/task_queues:105:5)\n' +
    '    at AndroidUiautomator2Driver.findElOrElsWithProcessing (C:\\Users\\Pedro\\Desktop\\repositorio\\ATD_Mod17-Mobile\\node_modules\\@appium\\base-driver\\lib\\basedriver\\commands\\find.ts:60:12)\n' +
    '    at AndroidUiautomator2Driver.findElement (C:\\Users\\Pedro\\Desktop\\repositorio\\ATD_Mod17-Mobile\\node_modules\\@appium\\base-driver\\lib\\basedriver\\commands\\find.ts:76:12)\n' +
    '    at runCommandPromise (C:\\Users\\Pedro\\Desktop\\repositorio\\ATD_Mod17-Mobile\\node_modules\\@appium\\base-driver\\lib\\basedriver\\driver.ts:123:16)'
}
2026-08-09T20:36:34.681Z INFO webdriver: COMMAND findElement("-android uiautomator", "new UiSelector().text("Sign up")")
2026-08-09T20:36:34.681Z INFO webdriver: [POST] http://127.0.0.1:52955/session/e8779fab-a5d2-4a49-9995-b05a1bf4f31f/element
2026-08-09T20:36:34.681Z INFO webdriver: DATA {
  using: '-android uiautomator',
  value: 'new UiSelector().text("Sign up")'
}
2026-08-09T20:36:34.827Z INFO webdriver: RESULT {
  error: 'no such element',
  message: 'An element could not be located on the page using the given search parameters.',
  stacktrace: 'NoSuchElementError: An element could not be located on the page using the given search parameters.\n' +
    '    at AndroidUiautomator2Driver.findElOrEls (C:\\Users\\Pedro\\Desktop\\repositorio\\ATD_Mod17-Mobile\\node_modules\\appium-uiautomator2-driver\\node_modules\\appium-android-driver\\lib\\commands\\find.ts:86:11)\n' +
    '    at processTicksAndRejections (node:internal/process/task_queues:105:5)\n' +
    '    at AndroidUiautomator2Driver.findElOrElsWithProcessing (C:\\Users\\Pedro\\Desktop\\repositorio\\ATD_Mod17-Mobile\\node_modules\\@appium\\base-driver\\lib\\basedriver\\commands\\find.ts:60:12)\n' +
    '    at AndroidUiautomator2Driver.findElement (C:\\Users\\Pedro\\Desktop\\repositorio\\ATD_Mod17-Mobile\\node_modules\\@appium\\base-driver\\lib\\basedriver\\commands\\find.ts:76:12)\n' +
    '    at runCommandPromise (C:\\Users\\Pedro\\Desktop\\repositorio\\ATD_Mod17-Mobile\\node_modules\\@appium\\base-driver\\lib\\basedriver\\driver.ts:123:16)'
}
2026-08-09T20:36:34.839Z INFO webdriver: COMMAND findElement("-android uiautomator", "new UiSelector().text("Sign up")")
2026-08-09T20:36:34.839Z INFO webdriver: [POST] http://127.0.0.1:52955/session/e8779fab-a5d2-4a49-9995-b05a1bf4f31f/element
2026-08-09T20:36:34.839Z INFO webdriver: DATA {
  using: '-android uiautomator',
  value: 'new UiSelector().text("Sign up")'
}
2026-08-09T20:36:34.980Z INFO webdriver: RESULT {
  error: 'no such element',
  message: 'An element could not be located on the page using the given search parameters.',
  stacktrace: 'NoSuchElementError: An element could not be located on the page using the given search parameters.\n' +
    '    at AndroidUiautomator2Driver.findElOrEls (C:\\Users\\Pedro\\Desktop\\repositorio\\ATD_Mod17-Mobile\\node_modules\\appium-uiautomator2-driver\\node_modules\\appium-android-driver\\lib\\commands\\find.ts:86:11)\n' +
    '    at processTicksAndRejections (node:internal/process/task_queues:105:5)\n' +
    '    at AndroidUiautomator2Driver.findElOrElsWithProcessing (C:\\Users\\Pedro\\Desktop\\repositorio\\ATD_Mod17-Mobile\\node_modules\\@appium\\base-driver\\lib\\basedriver\\commands\\find.ts:60:12)\n' +
    '    at AndroidUiautomator2Driver.findElement (C:\\Users\\Pedro\\Desktop\\repositorio\\ATD_Mod17-Mobile\\node_modules\\@appium\\base-driver\\lib\\basedriver\\commands\\find.ts:76:12)\n' +
    '    at runCommandPromise (C:\\Users\\Pedro\\Desktop\\repositorio\\ATD_Mod17-Mobile\\node_modules\\@appium\\base-driver\\lib\\basedriver\\driver.ts:123:16)'
}
2026-08-09T20:36:34.997Z INFO webdriver: COMMAND findElement("-android uiautomator", "new UiSelector().text("Sign up")")
2026-08-09T20:36:34.997Z INFO webdriver: [POST] http://127.0.0.1:52955/session/e8779fab-a5d2-4a49-9995-b05a1bf4f31f/element
2026-08-09T20:36:34.997Z INFO webdriver: DATA {
  using: '-android uiautomator',
  value: 'new UiSelector().text("Sign up")'
}
2026-08-09T20:36:35.098Z INFO webdriver: RESULT {
  error: 'no such element',
  message: 'An element could not be located on the page using the given search parameters.',
  stacktrace: 'NoSuchElementError: An element could not be located on the page using the given search parameters.\n' +
    '    at AndroidUiautomator2Driver.findElOrEls (C:\\Users\\Pedro\\Desktop\\repositorio\\ATD_Mod17-Mobile\\node_modules\\appium-uiautomator2-driver\\node_modules\\appium-android-driver\\lib\\commands\\find.ts:86:11)\n' +
    '    at processTicksAndRejections (node:internal/process/task_queues:105:5)\n' +
    '    at AndroidUiautomator2Driver.findElOrElsWithProcessing (C:\\Users\\Pedro\\Desktop\\repositorio\\ATD_Mod17-Mobile\\node_modules\\@appium\\base-driver\\lib\\basedriver\\commands\\find.ts:60:12)\n' +
    '    at AndroidUiautomator2Driver.findElement (C:\\Users\\Pedro\\Desktop\\repositorio\\ATD_Mod17-Mobile\\node_modules\\@appium\\base-driver\\lib\\basedriver\\commands\\find.ts:76:12)\n' +
    '    at runCommandPromise (C:\\Users\\Pedro\\Desktop\\repositorio\\ATD_Mod17-Mobile\\node_modules\\@appium\\base-driver\\lib\\basedriver\\driver.ts:123:16)'
}
2026-08-09T20:36:35.106Z INFO webdriver: COMMAND findElement("-android uiautomator", "new UiSelector().text("Sign up")")
2026-08-09T20:36:35.107Z INFO webdriver: [POST] http://127.0.0.1:52955/session/e8779fab-a5d2-4a49-9995-b05a1bf4f31f/element
2026-08-09T20:36:35.107Z INFO webdriver: DATA {
  using: '-android uiautomator',
  value: 'new UiSelector().text("Sign up")'
}
2026-08-09T20:36:35.217Z INFO webdriver: RESULT {
  error: 'no such element',
  message: 'An element could not be located on the page using the given search parameters.',
  stacktrace: 'NoSuchElementError: An element could not be located on the page using the given search parameters.\n' +
    '    at AndroidUiautomator2Driver.findElOrEls (C:\\Users\\Pedro\\Desktop\\repositorio\\ATD_Mod17-Mobile\\node_modules\\appium-uiautomator2-driver\\node_modules\\appium-android-driver\\lib\\commands\\find.ts:86:11)\n' +
    '    at processTicksAndRejections (node:internal/process/task_queues:105:5)\n' +
    '    at AndroidUiautomator2Driver.findElOrElsWithProcessing (C:\\Users\\Pedro\\Desktop\\repositorio\\ATD_Mod17-Mobile\\node_modules\\@appium\\base-driver\\lib\\basedriver\\commands\\find.ts:60:12)\n' +
    '    at AndroidUiautomator2Driver.findElement (C:\\Users\\Pedro\\Desktop\\repositorio\\ATD_Mod17-Mobile\\node_modules\\@appium\\base-driver\\lib\\basedriver\\commands\\find.ts:76:12)\n' +
    '    at runCommandPromise (C:\\Users\\Pedro\\Desktop\\repositorio\\ATD_Mod17-Mobile\\node_modules\\@appium\\base-driver\\lib\\basedriver\\driver.ts:123:16)'
}
2026-08-09T20:36:35.231Z INFO webdriver: COMMAND findElement("-android uiautomator", "new UiSelector().text("Sign up")")
2026-08-09T20:36:35.232Z INFO webdriver: [POST] http://127.0.0.1:52955/session/e8779fab-a5d2-4a49-9995-b05a1bf4f31f/element
2026-08-09T20:36:35.232Z INFO webdriver: DATA {
  using: '-android uiautomator',
  value: 'new UiSelector().text("Sign up")'
}
2026-08-09T20:36:35.346Z INFO webdriver: RESULT {
  error: 'no such element',
  message: 'An element could not be located on the page using the given search parameters.',
  stacktrace: 'NoSuchElementError: An element could not be located on the page using the given search parameters.\n' +
    '    at AndroidUiautomator2Driver.findElOrEls (C:\\Users\\Pedro\\Desktop\\repositorio\\ATD_Mod17-Mobile\\node_modules\\appium-uiautomator2-driver\\node_modules\\appium-android-driver\\lib\\commands\\find.ts:86:11)\n' +
    '    at processTicksAndRejections (node:internal/process/task_queues:105:5)\n' +
    '    at AndroidUiautomator2Driver.findElOrElsWithProcessing (C:\\Users\\Pedro\\Desktop\\repositorio\\ATD_Mod17-Mobile\\node_modules\\@appium\\base-driver\\lib\\basedriver\\commands\\find.ts:60:12)\n' +
    '    at AndroidUiautomator2Driver.findElement (C:\\Users\\Pedro\\Desktop\\repositorio\\ATD_Mod17-Mobile\\node_modules\\@appium\\base-driver\\lib\\basedriver\\commands\\find.ts:76:12)\n' +
    '    at runCommandPromise (C:\\Users\\Pedro\\Desktop\\repositorio\\ATD_Mod17-Mobile\\node_modules\\@appium\\base-driver\\lib\\basedriver\\driver.ts:123:16)'
}
2026-08-09T20:36:35.358Z INFO webdriver: COMMAND findElement("-android uiautomator", "new UiSelector().text("Sign up")")
2026-08-09T20:36:35.358Z INFO webdriver: [POST] http://127.0.0.1:52955/session/e8779fab-a5d2-4a49-9995-b05a1bf4f31f/element
2026-08-09T20:36:35.358Z INFO webdriver: DATA {
  using: '-android uiautomator',
  value: 'new UiSelector().text("Sign up")'
}
2026-08-09T20:36:35.470Z INFO webdriver: RESULT {
  error: 'no such element',
  message: 'An element could not be located on the page using the given search parameters.',
  stacktrace: 'NoSuchElementError: An element could not be located on the page using the given search parameters.\n' +
    '    at AndroidUiautomator2Driver.findElOrEls (C:\\Users\\Pedro\\Desktop\\repositorio\\ATD_Mod17-Mobile\\node_modules\\appium-uiautomator2-driver\\node_modules\\appium-android-driver\\lib\\commands\\find.ts:86:11)\n' +
    '    at processTicksAndRejections (node:internal/process/task_queues:105:5)\n' +
    '    at AndroidUiautomator2Driver.findElOrElsWithProcessing (C:\\Users\\Pedro\\Desktop\\repositorio\\ATD_Mod17-Mobile\\node_modules\\@appium\\base-driver\\lib\\basedriver\\commands\\find.ts:60:12)\n' +
    '    at AndroidUiautomator2Driver.findElement (C:\\Users\\Pedro\\Desktop\\repositorio\\ATD_Mod17-Mobile\\node_modules\\@appium\\base-driver\\lib\\basedriver\\commands\\find.ts:76:12)\n' +
    '    at runCommandPromise (C:\\Users\\Pedro\\Desktop\\repositorio\\ATD_Mod17-Mobile\\node_modules\\@appium\\base-driver\\lib\\basedriver\\driver.ts:123:16)'
}
2026-08-09T20:36:35.483Z INFO webdriver: COMMAND findElement("-android uiautomator", "new UiSelector().text("Sign up")")
2026-08-09T20:36:35.483Z INFO webdriver: [POST] http://127.0.0.1:52955/session/e8779fab-a5d2-4a49-9995-b05a1bf4f31f/element
2026-08-09T20:36:35.483Z INFO webdriver: DATA {
  using: '-android uiautomator',
  value: 'new UiSelector().text("Sign up")'
}
2026-08-09T20:36:35.585Z INFO webdriver: RESULT {
  error: 'no such element',
  message: 'An element could not be located on the page using the given search parameters.',
  stacktrace: 'NoSuchElementError: An element could not be located on the page using the given search parameters.\n' +
    '    at AndroidUiautomator2Driver.findElOrEls (C:\\Users\\Pedro\\Desktop\\repositorio\\ATD_Mod17-Mobile\\node_modules\\appium-uiautomator2-driver\\node_modules\\appium-android-driver\\lib\\commands\\find.ts:86:11)\n' +
    '    at processTicksAndRejections (node:internal/process/task_queues:105:5)\n' +
    '    at AndroidUiautomator2Driver.findElOrElsWithProcessing (C:\\Users\\Pedro\\Desktop\\repositorio\\ATD_Mod17-Mobile\\node_modules\\@appium\\base-driver\\lib\\basedriver\\commands\\find.ts:60:12)\n' +
    '    at AndroidUiautomator2Driver.findElement (C:\\Users\\Pedro\\Desktop\\repositorio\\ATD_Mod17-Mobile\\node_modules\\@appium\\base-driver\\lib\\basedriver\\commands\\find.ts:76:12)\n' +
    '    at runCommandPromise (C:\\Users\\Pedro\\Desktop\\repositorio\\ATD_Mod17-Mobile\\node_modules\\@appium\\base-driver\\lib\\basedriver\\driver.ts:123:16)'
}
2026-08-09T20:36:35.592Z INFO webdriver: COMMAND findElement("-android uiautomator", "new UiSelector().text("Sign up")")
2026-08-09T20:36:35.592Z INFO webdriver: [POST] http://127.0.0.1:52955/session/e8779fab-a5d2-4a49-9995-b05a1bf4f31f/element
2026-08-09T20:36:35.592Z INFO webdriver: DATA {
  using: '-android uiautomator',
  value: 'new UiSelector().text("Sign up")'
}
2026-08-09T20:36:35.713Z INFO webdriver: RESULT {
  error: 'no such element',
  message: 'An element could not be located on the page using the given search parameters.',
  stacktrace: 'NoSuchElementError: An element could not be located on the page using the given search parameters.\n' +
    '    at AndroidUiautomator2Driver.findElOrEls (C:\\Users\\Pedro\\Desktop\\repositorio\\ATD_Mod17-Mobile\\node_modules\\appium-uiautomator2-driver\\node_modules\\appium-android-driver\\lib\\commands\\find.ts:86:11)\n' +
    '    at processTicksAndRejections (node:internal/process/task_queues:105:5)\n' +
    '    at AndroidUiautomator2Driver.findElOrElsWithProcessing (C:\\Users\\Pedro\\Desktop\\repositorio\\ATD_Mod17-Mobile\\node_modules\\@appium\\base-driver\\lib\\basedriver\\commands\\find.ts:60:12)\n' +
    '    at AndroidUiautomator2Driver.findElement (C:\\Users\\Pedro\\Desktop\\repositorio\\ATD_Mod17-Mobile\\node_modules\\@appium\\base-driver\\lib\\basedriver\\commands\\find.ts:76:12)\n' +
    '    at runCommandPromise (C:\\Users\\Pedro\\Desktop\\repositorio\\ATD_Mod17-Mobile\\node_modules\\@appium\\base-driver\\lib\\basedriver\\driver.ts:123:16)'
}
2026-08-09T20:36:35.716Z INFO webdriver: COMMAND findElement("-android uiautomator", "new UiSelector().text("Sign up")")
2026-08-09T20:36:35.716Z INFO webdriver: [POST] http://127.0.0.1:52955/session/e8779fab-a5d2-4a49-9995-b05a1bf4f31f/element
2026-08-09T20:36:35.716Z INFO webdriver: DATA {
  using: '-android uiautomator',
  value: 'new UiSelector().text("Sign up")'
}
2026-08-09T20:36:35.830Z INFO webdriver: RESULT {
  error: 'no such element',
  message: 'An element could not be located on the page using the given search parameters.',
  stacktrace: 'NoSuchElementError: An element could not be located on the page using the given search parameters.\n' +
    '    at AndroidUiautomator2Driver.findElOrEls (C:\\Users\\Pedro\\Desktop\\repositorio\\ATD_Mod17-Mobile\\node_modules\\appium-uiautomator2-driver\\node_modules\\appium-android-driver\\lib\\commands\\find.ts:86:11)\n' +
    '    at processTicksAndRejections (node:internal/process/task_queues:105:5)\n' +
    '    at AndroidUiautomator2Driver.findElOrElsWithProcessing (C:\\Users\\Pedro\\Desktop\\repositorio\\ATD_Mod17-Mobile\\node_modules\\@appium\\base-driver\\lib\\basedriver\\commands\\find.ts:60:12)\n' +
    '    at AndroidUiautomator2Driver.findElement (C:\\Users\\Pedro\\Desktop\\repositorio\\ATD_Mod17-Mobile\\node_modules\\@appium\\base-driver\\lib\\basedriver\\commands\\find.ts:76:12)\n' +
    '    at runCommandPromise (C:\\Users\\Pedro\\Desktop\\repositorio\\ATD_Mod17-Mobile\\node_modules\\@appium\\base-driver\\lib\\basedriver\\driver.ts:123:16)'
}
2026-08-09T20:36:35.832Z INFO webdriver: COMMAND findElement("-android uiautomator", "new UiSelector().text("Sign up")")
2026-08-09T20:36:35.832Z INFO webdriver: [POST] http://127.0.0.1:52955/session/e8779fab-a5d2-4a49-9995-b05a1bf4f31f/element
2026-08-09T20:36:35.832Z INFO webdriver: DATA {
  using: '-android uiautomator',
  value: 'new UiSelector().text("Sign up")'
}
2026-08-09T20:36:35.968Z INFO webdriver: RESULT {
  error: 'no such element',
  message: 'An element could not be located on the page using the given search parameters.',
  stacktrace: 'NoSuchElementError: An element could not be located on the page using the given search parameters.\n' +
    '    at AndroidUiautomator2Driver.findElOrEls (C:\\Users\\Pedro\\Desktop\\repositorio\\ATD_Mod17-Mobile\\node_modules\\appium-uiautomator2-driver\\node_modules\\appium-android-driver\\lib\\commands\\find.ts:86:11)\n' +
    '    at processTicksAndRejections (node:internal/process/task_queues:105:5)\n' +
    '    at AndroidUiautomator2Driver.findElOrElsWithProcessing (C:\\Users\\Pedro\\Desktop\\repositorio\\ATD_Mod17-Mobile\\node_modules\\@appium\\base-driver\\lib\\basedriver\\commands\\find.ts:60:12)\n' +
    '    at AndroidUiautomator2Driver.findElement (C:\\Users\\Pedro\\Desktop\\repositorio\\ATD_Mod17-Mobile\\node_modules\\@appium\\base-driver\\lib\\basedriver\\commands\\find.ts:76:12)\n' +
    '    at runCommandPromise (C:\\Users\\Pedro\\Desktop\\repositorio\\ATD_Mod17-Mobile\\node_modules\\@appium\\base-driver\\lib\\basedriver\\driver.ts:123:16)'
}
2026-08-09T20:36:35.985Z INFO webdriver: COMMAND findElement("-android uiautomator", "new UiSelector().text("Sign up")")
2026-08-09T20:36:35.985Z INFO webdriver: [POST] http://127.0.0.1:52955/session/e8779fab-a5d2-4a49-9995-b05a1bf4f31f/element
2026-08-09T20:36:35.985Z INFO webdriver: DATA {
  using: '-android uiautomator',
  value: 'new UiSelector().text("Sign up")'
}
2026-08-09T20:36:36.102Z INFO webdriver: RESULT {
  error: 'no such element',
  message: 'An element could not be located on the page using the given search parameters.',
  stacktrace: 'NoSuchElementError: An element could not be located on the page using the given search parameters.\n' +
    '    at AndroidUiautomator2Driver.findElOrEls (C:\\Users\\Pedro\\Desktop\\repositorio\\ATD_Mod17-Mobile\\node_modules\\appium-uiautomator2-driver\\node_modules\\appium-android-driver\\lib\\commands\\find.ts:86:11)\n' +
    '    at processTicksAndRejections (node:internal/process/task_queues:105:5)\n' +
    '    at AndroidUiautomator2Driver.findElOrElsWithProcessing (C:\\Users\\Pedro\\Desktop\\repositorio\\ATD_Mod17-Mobile\\node_modules\\@appium\\base-driver\\lib\\basedriver\\commands\\find.ts:60:12)\n' +
    '    at AndroidUiautomator2Driver.findElement (C:\\Users\\Pedro\\Desktop\\repositorio\\ATD_Mod17-Mobile\\node_modules\\@appium\\base-driver\\lib\\basedriver\\commands\\find.ts:76:12)\n' +
    '    at runCommandPromise (C:\\Users\\Pedro\\Desktop\\repositorio\\ATD_Mod17-Mobile\\node_modules\\@appium\\base-driver\\lib\\basedriver\\driver.ts:123:16)'
}
2026-08-09T20:36:36.111Z INFO webdriver: COMMAND findElement("-android uiautomator", "new UiSelector().text("Sign up")")
2026-08-09T20:36:36.111Z INFO webdriver: [POST] http://127.0.0.1:52955/session/e8779fab-a5d2-4a49-9995-b05a1bf4f31f/element
2026-08-09T20:36:36.111Z INFO webdriver: DATA {
  using: '-android uiautomator',
  value: 'new UiSelector().text("Sign up")'
}
2026-08-09T20:36:39.391Z INFO webdriver: RESULT {
  error: 'no such element',
  message: 'An element could not be located on the page using the given search parameters.',
  stacktrace: 'NoSuchElementError: An element could not be located on the page using the given search parameters.\n' +
    '    at AndroidUiautomator2Driver.findElOrEls (C:\\Users\\Pedro\\Desktop\\repositorio\\ATD_Mod17-Mobile\\node_modules\\appium-uiautomator2-driver\\node_modules\\appium-android-driver\\lib\\commands\\find.ts:86:11)\n' +
    '    at processTicksAndRejections (node:internal/process/task_queues:105:5)\n' +
    '    at AndroidUiautomator2Driver.findElOrElsWithProcessing (C:\\Users\\Pedro\\Desktop\\repositorio\\ATD_Mod17-Mobile\\node_modules\\@appium\\base-driver\\lib\\basedriver\\commands\\find.ts:60:12)\n' +
    '    at AndroidUiautomator2Driver.findElement (C:\\Users\\Pedro\\Desktop\\repositorio\\ATD_Mod17-Mobile\\node_modules\\@appium\\base-driver\\lib\\basedriver\\commands\\find.ts:76:12)\n' +
    '    at runCommandPromise (C:\\Users\\Pedro\\Desktop\\repositorio\\ATD_Mod17-Mobile\\node_modules\\@appium\\base-driver\\lib\\basedriver\\driver.ts:123:16)'
}
2026-08-09T20:36:39.405Z INFO webdriver: COMMAND findElement("-android uiautomator", "new UiSelector().text("Sign up")")
2026-08-09T20:36:39.405Z INFO webdriver: [POST] http://127.0.0.1:52955/session/e8779fab-a5d2-4a49-9995-b05a1bf4f31f/element
2026-08-09T20:36:39.405Z INFO webdriver: DATA {
  using: '-android uiautomator',
  value: 'new UiSelector().text("Sign up")'
}
2026-08-09T20:36:39.888Z INFO webdriver: RESULT {
  'element-6066-11e4-a52e-4f735466cecf': '00000000-0000-0215-ffff-ffff00002b89',
  ELEMENT: '00000000-0000-0215-ffff-ffff00002b89'
}
2026-08-09T20:36:39.889Z INFO webdriver: COMMAND isElementDisplayed("00000000-0000-0215-ffff-ffff00002b89")
2026-08-09T20:36:39.889Z INFO webdriver: [GET] http://127.0.0.1:52955/session/e8779fab-a5d2-4a49-9995-b05a1bf4f31f/element/00000000-0000-0215-ffff-ffff00002b89/displayed
2026-08-09T20:36:39.908Z INFO webdriver: RESULT true
2026-08-09T20:36:39.908Z INFO webdriver: COMMAND findElement("-android uiautomator", "new UiSelector().text("Sign up")")
2026-08-09T20:36:39.908Z INFO webdriver: [POST] http://127.0.0.1:52955/session/e8779fab-a5d2-4a49-9995-b05a1bf4f31f/element
2026-08-09T20:36:39.908Z INFO webdriver: DATA {
  using: '-android uiautomator',
  value: 'new UiSelector().text("Sign up")'
}
2026-08-09T20:36:39.935Z INFO webdriver: RESULT {
  'element-6066-11e4-a52e-4f735466cecf': '00000000-0000-0215-ffff-ffff00002b89',
  ELEMENT: '00000000-0000-0215-ffff-ffff00002b89'
}
2026-08-09T20:36:39.936Z INFO webdriver: COMMAND elementClick("00000000-0000-0215-ffff-ffff00002b89")
2026-08-09T20:36:39.936Z INFO webdriver: [POST] http://127.0.0.1:52955/session/e8779fab-a5d2-4a49-9995-b05a1bf4f31f/element/00000000-0000-0215-ffff-ffff00002b89/click
2026-08-09T20:36:40.023Z INFO webdriver: RESULT null
2026-08-09T20:36:40.024Z INFO webdriver: COMMAND findElement("-android uiautomator", "new UiSelector().resourceId("firstName")")
2026-08-09T20:36:40.024Z INFO webdriver: [POST] http://127.0.0.1:52955/session/e8779fab-a5d2-4a49-9995-b05a1bf4f31f/element
2026-08-09T20:36:40.024Z INFO webdriver: DATA {
  using: '-android uiautomator',
  value: 'new UiSelector().resourceId("firstName")'
}
2026-08-09T20:36:40.181Z INFO webdriver: RESULT {
  error: 'no such element',
  message: 'An element could not be located on the page using the given search parameters.',
  stacktrace: 'NoSuchElementError: An element could not be located on the page using the given search parameters.\n' +
    '    at AndroidUiautomator2Driver.findElOrEls (C:\\Users\\Pedro\\Desktop\\repositorio\\ATD_Mod17-Mobile\\node_modules\\appium-uiautomator2-driver\\node_modules\\appium-android-driver\\lib\\commands\\find.ts:86:11)\n' +
    '    at processTicksAndRejections (node:internal/process/task_queues:105:5)\n' +
    '    at AndroidUiautomator2Driver.findElOrElsWithProcessing (C:\\Users\\Pedro\\Desktop\\repositorio\\ATD_Mod17-Mobile\\node_modules\\@appium\\base-driver\\lib\\basedriver\\commands\\find.ts:60:12)\n' +
    '    at AndroidUiautomator2Driver.findElement (C:\\Users\\Pedro\\Desktop\\repositorio\\ATD_Mod17-Mobile\\node_modules\\@appium\\base-driver\\lib\\basedriver\\commands\\find.ts:76:12)\n' +
    '    at runCommandPromise (C:\\Users\\Pedro\\Desktop\\repositorio\\ATD_Mod17-Mobile\\node_modules\\@appium\\base-driver\\lib\\basedriver\\driver.ts:123:16)'
}
2026-08-09T20:36:40.183Z INFO webdriver: COMMAND findElement("-android uiautomator", "new UiSelector().resourceId("firstName")")
2026-08-09T20:36:40.183Z INFO webdriver: [POST] http://127.0.0.1:52955/session/e8779fab-a5d2-4a49-9995-b05a1bf4f31f/element
2026-08-09T20:36:40.183Z INFO webdriver: DATA {
  using: '-android uiautomator',
  value: 'new UiSelector().resourceId("firstName")'
}
2026-08-09T20:36:40.726Z INFO webdriver: RESULT {
  'element-6066-11e4-a52e-4f735466cecf': '00000000-0000-0215-ffff-ffff00002ba3',
  ELEMENT: '00000000-0000-0215-ffff-ffff00002ba3'
}
2026-08-09T20:36:40.727Z INFO webdriver: COMMAND isElementDisplayed("00000000-0000-0215-ffff-ffff00002ba3")
2026-08-09T20:36:40.727Z INFO webdriver: [GET] http://127.0.0.1:52955/session/e8779fab-a5d2-4a49-9995-b05a1bf4f31f/element/00000000-0000-0215-ffff-ffff00002ba3/displayed
2026-08-09T20:36:40.743Z INFO webdriver: RESULT true
2026-08-09T20:36:40.743Z INFO webdriver: COMMAND elementClick("00000000-0000-0215-ffff-ffff00002ba3")
2026-08-09T20:36:40.743Z INFO webdriver: [POST] http://127.0.0.1:52955/session/e8779fab-a5d2-4a49-9995-b05a1bf4f31f/element/00000000-0000-0215-ffff-ffff00002ba3/click
2026-08-09T20:36:41.325Z INFO webdriver: RESULT null
2026-08-09T20:36:41.325Z INFO webdriver: COMMAND elementClear("00000000-0000-0215-ffff-ffff00002ba3")
2026-08-09T20:36:41.326Z INFO webdriver: [POST] http://127.0.0.1:52955/session/e8779fab-a5d2-4a49-9995-b05a1bf4f31f/element/00000000-0000-0215-ffff-ffff00002ba3/clear
2026-08-09T20:36:41.408Z INFO webdriver: RESULT null
2026-08-09T20:36:41.408Z INFO webdriver: COMMAND elementSendKeys("00000000-0000-0215-ffff-ffff00002ba3", "<Screenshot[base64]>")
2026-08-09T20:36:41.408Z INFO webdriver: [POST] http://127.0.0.1:52955/session/e8779fab-a5d2-4a49-9995-b05a1bf4f31f/element/00000000-0000-0215-ffff-ffff00002ba3/value
2026-08-09T20:36:41.408Z INFO webdriver: DATA { text: 'John' }
2026-08-09T20:36:42.887Z INFO webdriver: RESULT null
2026-08-09T20:36:42.887Z INFO webdriver: COMMAND findElement("-android uiautomator", "new UiSelector().resourceId("lastName")")
2026-08-09T20:36:42.887Z INFO webdriver: [POST] http://127.0.0.1:52955/session/e8779fab-a5d2-4a49-9995-b05a1bf4f31f/element
2026-08-09T20:36:42.887Z INFO webdriver: DATA {
  using: '-android uiautomator',
  value: 'new UiSelector().resourceId("lastName")'
}
2026-08-09T20:36:42.920Z INFO webdriver: RESULT {
  'element-6066-11e4-a52e-4f735466cecf': '00000000-0000-0215-ffff-ffff00002ba4',
  ELEMENT: '00000000-0000-0215-ffff-ffff00002ba4'
}
2026-08-09T20:36:42.921Z INFO webdriver: COMMAND isElementDisplayed("00000000-0000-0215-ffff-ffff00002ba4")
2026-08-09T20:36:42.921Z INFO webdriver: [GET] http://127.0.0.1:52955/session/e8779fab-a5d2-4a49-9995-b05a1bf4f31f/element/00000000-0000-0215-ffff-ffff00002ba4/displayed
2026-08-09T20:36:43.575Z INFO webdriver: RESULT true
2026-08-09T20:36:43.575Z INFO webdriver: COMMAND elementClick("00000000-0000-0215-ffff-ffff00002ba4")
2026-08-09T20:36:43.575Z INFO webdriver: [POST] http://127.0.0.1:52955/session/e8779fab-a5d2-4a49-9995-b05a1bf4f31f/element/00000000-0000-0215-ffff-ffff00002ba4/click
2026-08-09T20:36:45.535Z INFO webdriver: RESULT null
2026-08-09T20:36:45.535Z INFO webdriver: COMMAND elementClear("00000000-0000-0215-ffff-ffff00002ba4")
2026-08-09T20:36:45.535Z INFO webdriver: [POST] http://127.0.0.1:52955/session/e8779fab-a5d2-4a49-9995-b05a1bf4f31f/element/00000000-0000-0215-ffff-ffff00002ba4/clear
2026-08-09T20:36:45.558Z INFO webdriver: RESULT null
2026-08-09T20:36:45.558Z INFO webdriver: COMMAND elementSendKeys("00000000-0000-0215-ffff-ffff00002ba4", "Silva")
2026-08-09T20:36:45.558Z INFO webdriver: [POST] http://127.0.0.1:52955/session/e8779fab-a5d2-4a49-9995-b05a1bf4f31f/element/00000000-0000-0215-ffff-ffff00002ba4/value
2026-08-09T20:36:45.558Z INFO webdriver: DATA { text: 'Silva' }
2026-08-09T20:36:46.905Z INFO webdriver: RESULT null
2026-08-09T20:36:46.905Z INFO webdriver: COMMAND findElement("-android uiautomator", "new UiSelector().resourceId("phone")")
2026-08-09T20:36:46.905Z INFO webdriver: [POST] http://127.0.0.1:52955/session/e8779fab-a5d2-4a49-9995-b05a1bf4f31f/element
2026-08-09T20:36:46.905Z INFO webdriver: DATA {
  using: '-android uiautomator',
  value: 'new UiSelector().resourceId("phone")'
}
2026-08-09T20:36:47.556Z INFO webdriver: RESULT {
  'element-6066-11e4-a52e-4f735466cecf': '00000000-0000-0215-ffff-ffff00002ba5',
  ELEMENT: '00000000-0000-0215-ffff-ffff00002ba5'
}
2026-08-09T20:36:47.558Z INFO webdriver: COMMAND isElementDisplayed("00000000-0000-0215-ffff-ffff00002ba5")
2026-08-09T20:36:47.558Z INFO webdriver: [GET] http://127.0.0.1:52955/session/e8779fab-a5d2-4a49-9995-b05a1bf4f31f/element/00000000-0000-0215-ffff-ffff00002ba5/displayed
2026-08-09T20:36:47.573Z INFO webdriver: RESULT true
2026-08-09T20:36:47.573Z INFO webdriver: COMMAND elementClick("00000000-0000-0215-ffff-ffff00002ba5")
2026-08-09T20:36:47.573Z INFO webdriver: [POST] http://127.0.0.1:52955/session/e8779fab-a5d2-4a49-9995-b05a1bf4f31f/element/00000000-0000-0215-ffff-ffff00002ba5/click
2026-08-09T20:36:49.151Z INFO webdriver: RESULT null
2026-08-09T20:36:49.151Z INFO webdriver: COMMAND elementClear("00000000-0000-0215-ffff-ffff00002ba5")
2026-08-09T20:36:49.151Z INFO webdriver: [POST] http://127.0.0.1:52955/session/e8779fab-a5d2-4a49-9995-b05a1bf4f31f/element/00000000-0000-0215-ffff-ffff00002ba5/clear
2026-08-09T20:36:49.183Z INFO webdriver: RESULT null
2026-08-09T20:36:49.183Z INFO webdriver: COMMAND elementSendKeys("00000000-0000-0215-ffff-ffff00002ba5", "11987654321")
2026-08-09T20:36:49.183Z INFO webdriver: [POST] http://127.0.0.1:52955/session/e8779fab-a5d2-4a49-9995-b05a1bf4f31f/element/00000000-0000-0215-ffff-ffff00002ba5/value
2026-08-09T20:36:49.183Z INFO webdriver: DATA { text: '11987654321' }
2026-08-09T20:36:50.504Z INFO webdriver: RESULT null
2026-08-09T20:36:50.504Z INFO webdriver: COMMAND findElement("-android uiautomator", "new UiSelector().resourceId("email")")
2026-08-09T20:36:50.504Z INFO webdriver: [POST] http://127.0.0.1:52955/session/e8779fab-a5d2-4a49-9995-b05a1bf4f31f/element
2026-08-09T20:36:50.505Z INFO webdriver: DATA {
  using: '-android uiautomator',
  value: 'new UiSelector().resourceId("email")'
}
2026-08-09T20:36:51.193Z INFO webdriver: RESULT {
  'element-6066-11e4-a52e-4f735466cecf': '00000000-0000-0215-ffff-ffff00002ba6',
  ELEMENT: '00000000-0000-0215-ffff-ffff00002ba6'
}
2026-08-09T20:36:51.194Z INFO webdriver: COMMAND isElementDisplayed("00000000-0000-0215-ffff-ffff00002ba6")
2026-08-09T20:36:51.194Z INFO webdriver: [GET] http://127.0.0.1:52955/session/e8779fab-a5d2-4a49-9995-b05a1bf4f31f/element/00000000-0000-0215-ffff-ffff00002ba6/displayed
2026-08-09T20:36:51.217Z INFO webdriver: RESULT true
2026-08-09T20:36:51.217Z INFO webdriver: COMMAND elementClick("00000000-0000-0215-ffff-ffff00002ba6")
2026-08-09T20:36:51.217Z INFO webdriver: [POST] http://127.0.0.1:52955/session/e8779fab-a5d2-4a49-9995-b05a1bf4f31f/element/00000000-0000-0215-ffff-ffff00002ba6/click
2026-08-09T20:36:52.885Z INFO webdriver: RESULT null
2026-08-09T20:36:52.885Z INFO webdriver: COMMAND elementClear("00000000-0000-0215-ffff-ffff00002ba6")
2026-08-09T20:36:52.885Z INFO webdriver: [POST] http://127.0.0.1:52955/session/e8779fab-a5d2-4a49-9995-b05a1bf4f31f/element/00000000-0000-0215-ffff-ffff00002ba6/clear
2026-08-09T20:36:52.917Z INFO webdriver: RESULT null
2026-08-09T20:36:52.917Z INFO webdriver: COMMAND elementSendKeys("00000000-0000-0215-ffff-ffff00002ba6", "user1786307793255@example.com")
2026-08-09T20:36:52.917Z INFO webdriver: [POST] http://127.0.0.1:52955/session/e8779fab-a5d2-4a49-9995-b05a1bf4f31f/element/00000000-0000-0215-ffff-ffff00002ba6/value
2026-08-09T20:36:52.917Z INFO webdriver: DATA { text: 'user1786307793255@example.com' }
2026-08-09T20:36:54.228Z INFO webdriver: RESULT null
2026-08-09T20:36:54.228Z INFO webdriver: COMMAND findElement("-android uiautomator", "new UiSelector().resourceId("password")")
2026-08-09T20:36:54.228Z INFO webdriver: [POST] http://127.0.0.1:52955/session/e8779fab-a5d2-4a49-9995-b05a1bf4f31f/element
2026-08-09T20:36:54.228Z INFO webdriver: DATA {
  using: '-android uiautomator',
  value: 'new UiSelector().resourceId("password")'
}
2026-08-09T20:36:54.906Z INFO webdriver: RESULT {
  'element-6066-11e4-a52e-4f735466cecf': '00000000-0000-0215-ffff-ffff00002ba7',
  ELEMENT: '00000000-0000-0215-ffff-ffff00002ba7'
}
2026-08-09T20:36:54.907Z INFO webdriver: COMMAND isElementDisplayed("00000000-0000-0215-ffff-ffff00002ba7")
2026-08-09T20:36:54.907Z INFO webdriver: [GET] http://127.0.0.1:52955/session/e8779fab-a5d2-4a49-9995-b05a1bf4f31f/element/00000000-0000-0215-ffff-ffff00002ba7/displayed
2026-08-09T20:36:54.926Z INFO webdriver: RESULT true
2026-08-09T20:36:54.927Z INFO webdriver: COMMAND elementClick("00000000-0000-0215-ffff-ffff00002ba7")
2026-08-09T20:36:54.927Z INFO webdriver: [POST] http://127.0.0.1:52955/session/e8779fab-a5d2-4a49-9995-b05a1bf4f31f/element/00000000-0000-0215-ffff-ffff00002ba7/click
2026-08-09T20:36:55.651Z INFO webdriver: RESULT null
2026-08-09T20:36:55.652Z INFO webdriver: COMMAND elementClear("00000000-0000-0215-ffff-ffff00002ba7")
2026-08-09T20:36:55.652Z INFO webdriver: [POST] http://127.0.0.1:52955/session/e8779fab-a5d2-4a49-9995-b05a1bf4f31f/element/00000000-0000-0215-ffff-ffff00002ba7/clear
2026-08-09T20:36:55.677Z INFO webdriver: RESULT null
2026-08-09T20:36:55.678Z INFO webdriver: COMMAND elementSendKeys("00000000-0000-0215-ffff-ffff00002ba7", "123456")
2026-08-09T20:36:55.678Z INFO webdriver: [POST] http://127.0.0.1:52955/session/e8779fab-a5d2-4a49-9995-b05a1bf4f31f/element/00000000-0000-0215-ffff-ffff00002ba7/value
2026-08-09T20:36:55.678Z INFO webdriver: DATA { text: '123456' }
2026-08-09T20:36:57.000Z INFO webdriver: RESULT null
2026-08-09T20:36:57.000Z INFO webdriver: COMMAND findElement("-android uiautomator", "new UiScrollable(new UiSelector().scrollable(true)).scrollIntoView(new UiSelector().resourceId("repassword"))")
2026-08-09T20:36:57.000Z INFO webdriver: [POST] http://127.0.0.1:52955/session/e8779fab-a5d2-4a49-9995-b05a1bf4f31f/element
2026-08-09T20:36:57.000Z INFO webdriver: DATA {
  using: '-android uiautomator',
  value: 'new UiScrollable(new UiSelector().scrollable(true)).scrollIntoView(new UiSelector().resourceId("repassword"))'
}
2026-08-09T20:36:57.658Z INFO webdriver: RESULT {
  'element-6066-11e4-a52e-4f735466cecf': '00000000-0000-0215-ffff-ffff00002ba8',
  ELEMENT: '00000000-0000-0215-ffff-ffff00002ba8'
}
2026-08-09T20:36:57.659Z INFO webdriver: COMMAND isElementDisplayed("00000000-0000-0215-ffff-ffff00002ba8")
2026-08-09T20:36:57.659Z INFO webdriver: [GET] http://127.0.0.1:52955/session/e8779fab-a5d2-4a49-9995-b05a1bf4f31f/element/00000000-0000-0215-ffff-ffff00002ba8/displayed
2026-08-09T20:36:57.679Z INFO webdriver: RESULT true
2026-08-09T20:36:57.679Z INFO webdriver: COMMAND elementClick("00000000-0000-0215-ffff-ffff00002ba8")
2026-08-09T20:36:57.679Z INFO webdriver: [POST] http://127.0.0.1:52955/session/e8779fab-a5d2-4a49-9995-b05a1bf4f31f/element/00000000-0000-0215-ffff-ffff00002ba8/click
2026-08-09T20:36:58.361Z INFO webdriver: RESULT null
2026-08-09T20:36:58.361Z INFO webdriver: COMMAND elementClear("00000000-0000-0215-ffff-ffff00002ba8")
2026-08-09T20:36:58.361Z INFO webdriver: [POST] http://127.0.0.1:52955/session/e8779fab-a5d2-4a49-9995-b05a1bf4f31f/element/00000000-0000-0215-ffff-ffff00002ba8/clear
2026-08-09T20:36:58.385Z INFO webdriver: RESULT null
2026-08-09T20:36:58.385Z INFO webdriver: COMMAND elementSendKeys("00000000-0000-0215-ffff-ffff00002ba8", "123456")
2026-08-09T20:36:58.385Z INFO webdriver: [POST] http://127.0.0.1:52955/session/e8779fab-a5d2-4a49-9995-b05a1bf4f31f/element/00000000-0000-0215-ffff-ffff00002ba8/value
2026-08-09T20:36:58.385Z INFO webdriver: DATA { text: '123456' }
2026-08-09T20:36:59.665Z INFO webdriver: RESULT null
2026-08-09T20:36:59.666Z INFO webdriver: COMMAND isKeyboardShown()
2026-08-09T20:36:59.666Z INFO webdriver: [GET] http://127.0.0.1:52955/session/e8779fab-a5d2-4a49-9995-b05a1bf4f31f/appium/device/is_keyboard_shown
2026-08-09T20:37:00.157Z INFO webdriver: RESULT true
2026-08-09T20:37:00.157Z INFO webdriver: COMMAND hideKeyboard()
2026-08-09T20:37:00.157Z INFO webdriver: [POST] http://127.0.0.1:52955/session/e8779fab-a5d2-4a49-9995-b05a1bf4f31f/appium/device/hide_keyboard
2026-08-09T20:37:01.465Z INFO webdriver: RESULT true
2026-08-09T20:37:01.465Z INFO webdriver: COMMAND findElement("-android uiautomator", "new UiScrollable(new UiSelector().scrollable(true)).scrollIntoView(new UiSelector().resourceId("create"))")
2026-08-09T20:37:01.466Z INFO webdriver: [POST] http://127.0.0.1:52955/session/e8779fab-a5d2-4a49-9995-b05a1bf4f31f/element
2026-08-09T20:37:01.466Z INFO webdriver: DATA {
  using: '-android uiautomator',
  value: 'new UiScrollable(new UiSelector().scrollable(true)).scrollIntoView(new UiSelector().resourceId("create"))'
}
2026-08-09T20:37:01.494Z INFO webdriver: RESULT {
  'element-6066-11e4-a52e-4f735466cecf': '00000000-0000-0215-ffff-ffff00002ba9',
  ELEMENT: '00000000-0000-0215-ffff-ffff00002ba9'
}
2026-08-09T20:37:01.496Z INFO webdriver: COMMAND isElementDisplayed("00000000-0000-0215-ffff-ffff00002ba9")
2026-08-09T20:37:01.496Z INFO webdriver: [GET] http://127.0.0.1:52955/session/e8779fab-a5d2-4a49-9995-b05a1bf4f31f/element/00000000-0000-0215-ffff-ffff00002ba9/displayed
2026-08-09T20:37:01.513Z INFO webdriver: RESULT true
2026-08-09T20:37:01.513Z INFO webdriver: COMMAND findElement("-android uiautomator", "new UiScrollable(new UiSelector().scrollable(true)).scrollIntoView(new UiSelector().resourceId("create"))")
2026-08-09T20:37:01.513Z INFO webdriver: [POST] http://127.0.0.1:52955/session/e8779fab-a5d2-4a49-9995-b05a1bf4f31f/element
2026-08-09T20:37:01.513Z INFO webdriver: DATA {
  using: '-android uiautomator',
  value: 'new UiScrollable(new UiSelector().scrollable(true)).scrollIntoView(new UiSelector().resourceId("create"))'
}
2026-08-09T20:37:01.539Z INFO webdriver: RESULT {
  'element-6066-11e4-a52e-4f735466cecf': '00000000-0000-0215-ffff-ffff00002ba9',
  ELEMENT: '00000000-0000-0215-ffff-ffff00002ba9'
}
2026-08-09T20:37:01.541Z INFO webdriver: COMMAND elementClick("00000000-0000-0215-ffff-ffff00002ba9")
2026-08-09T20:37:01.541Z INFO webdriver: [POST] http://127.0.0.1:52955/session/e8779fab-a5d2-4a49-9995-b05a1bf4f31f/element/00000000-0000-0215-ffff-ffff00002ba9/click
2026-08-09T20:37:01.626Z INFO webdriver: RESULT null
2026-08-09T20:37:01.626Z INFO webdriver: COMMAND findElement("-android uiautomator", "new UiSelector().resourceId("wishlist")")
2026-08-09T20:37:01.626Z INFO webdriver: [POST] http://127.0.0.1:52955/session/e8779fab-a5d2-4a49-9995-b05a1bf4f31f/element
2026-08-09T20:37:01.626Z INFO webdriver: DATA {
  using: '-android uiautomator',
  value: 'new UiSelector().resourceId("wishlist")'
}
2026-08-09T20:37:01.681Z INFO webdriver: RESULT {
  error: 'no such element',
  message: 'An element could not be located on the page using the given search parameters.',
  stacktrace: 'NoSuchElementError: An element could not be located on the page using the given search parameters.\n' +
    '    at AndroidUiautomator2Driver.findElOrEls (C:\\Users\\Pedro\\Desktop\\repositorio\\ATD_Mod17-Mobile\\node_modules\\appium-uiautomator2-driver\\node_modules\\appium-android-driver\\lib\\commands\\find.ts:86:11)\n' +
    '    at processTicksAndRejections (node:internal/process/task_queues:105:5)\n' +
    '    at AndroidUiautomator2Driver.findElOrElsWithProcessing (C:\\Users\\Pedro\\Desktop\\repositorio\\ATD_Mod17-Mobile\\node_modules\\@appium\\base-driver\\lib\\basedriver\\commands\\find.ts:60:12)\n' +
    '    at AndroidUiautomator2Driver.findElement (C:\\Users\\Pedro\\Desktop\\repositorio\\ATD_Mod17-Mobile\\node_modules\\@appium\\base-driver\\lib\\basedriver\\commands\\find.ts:76:12)\n' +
    '    at runCommandPromise (C:\\Users\\Pedro\\Desktop\\repositorio\\ATD_Mod17-Mobile\\node_modules\\@appium\\base-driver\\lib\\basedriver\\driver.ts:123:16)'
}
2026-08-09T20:37:01.683Z INFO webdriver: COMMAND findElement("-android uiautomator", "new UiSelector().resourceId("wishlist")")
2026-08-09T20:37:01.683Z INFO webdriver: [POST] http://127.0.0.1:52955/session/e8779fab-a5d2-4a49-9995-b05a1bf4f31f/element
2026-08-09T20:37:01.683Z INFO webdriver: DATA {
  using: '-android uiautomator',
  value: 'new UiSelector().resourceId("wishlist")'
}
2026-08-09T20:37:02.670Z INFO webdriver: RESULT {
  error: 'no such element',
  message: 'An element could not be located on the page using the given search parameters.',
  stacktrace: 'NoSuchElementError: An element could not be located on the page using the given search parameters.\n' +
    '    at AndroidUiautomator2Driver.findElOrEls (C:\\Users\\Pedro\\Desktop\\repositorio\\ATD_Mod17-Mobile\\node_modules\\appium-uiautomator2-driver\\node_modules\\appium-android-driver\\lib\\commands\\find.ts:86:11)\n' +
    '    at processTicksAndRejections (node:internal/process/task_queues:105:5)\n' +
    '    at AndroidUiautomator2Driver.findElOrElsWithProcessing (C:\\Users\\Pedro\\Desktop\\repositorio\\ATD_Mod17-Mobile\\node_modules\\@appium\\base-driver\\lib\\basedriver\\commands\\find.ts:60:12)\n' +
    '    at AndroidUiautomator2Driver.findElement (C:\\Users\\Pedro\\Desktop\\repositorio\\ATD_Mod17-Mobile\\node_modules\\@appium\\base-driver\\lib\\basedriver\\commands\\find.ts:76:12)\n' +
    '    at runCommandPromise (C:\\Users\\Pedro\\Desktop\\repositorio\\ATD_Mod17-Mobile\\node_modules\\@appium\\base-driver\\lib\\basedriver\\driver.ts:123:16)'
}
2026-08-09T20:37:02.678Z INFO webdriver: COMMAND findElement("-android uiautomator", "new UiSelector().resourceId("wishlist")")
2026-08-09T20:37:02.678Z INFO webdriver: [POST] http://127.0.0.1:52955/session/e8779fab-a5d2-4a49-9995-b05a1bf4f31f/element
2026-08-09T20:37:02.678Z INFO webdriver: DATA {
  using: '-android uiautomator',
  value: 'new UiSelector().resourceId("wishlist")'
}
2026-08-09T20:37:02.728Z INFO webdriver: RESULT {
  error: 'no such element',
  message: 'An element could not be located on the page using the given search parameters.',
  stacktrace: 'NoSuchElementError: An element could not be located on the page using the given search parameters.\n' +
    '    at AndroidUiautomator2Driver.findElOrEls (C:\\Users\\Pedro\\Desktop\\repositorio\\ATD_Mod17-Mobile\\node_modules\\appium-uiautomator2-driver\\node_modules\\appium-android-driver\\lib\\commands\\find.ts:86:11)\n' +
    '    at processTicksAndRejections (node:internal/process/task_queues:105:5)\n' +
    '    at AndroidUiautomator2Driver.findElOrElsWithProcessing (C:\\Users\\Pedro\\Desktop\\repositorio\\ATD_Mod17-Mobile\\node_modules\\@appium\\base-driver\\lib\\basedriver\\commands\\find.ts:60:12)\n' +
    '    at AndroidUiautomator2Driver.findElement (C:\\Users\\Pedro\\Desktop\\repositorio\\ATD_Mod17-Mobile\\node_modules\\@appium\\base-driver\\lib\\basedriver\\commands\\find.ts:76:12)\n' +
    '    at runCommandPromise (C:\\Users\\Pedro\\Desktop\\repositorio\\ATD_Mod17-Mobile\\node_modules\\@appium\\base-driver\\lib\\basedriver\\driver.ts:123:16)'
}
2026-08-09T20:37:02.741Z INFO webdriver: COMMAND findElement("-android uiautomator", "new UiSelector().resourceId("wishlist")")
2026-08-09T20:37:02.741Z INFO webdriver: [POST] http://127.0.0.1:52955/session/e8779fab-a5d2-4a49-9995-b05a1bf4f31f/element
2026-08-09T20:37:02.741Z INFO webdriver: DATA {
  using: '-android uiautomator',
  value: 'new UiSelector().resourceId("wishlist")'
}
2026-08-09T20:37:02.785Z INFO webdriver: RESULT {
  error: 'no such element',
  message: 'An element could not be located on the page using the given search parameters.',
  stacktrace: 'NoSuchElementError: An element could not be located on the page using the given search parameters.\n' +
    '    at AndroidUiautomator2Driver.findElOrEls (C:\\Users\\Pedro\\Desktop\\repositorio\\ATD_Mod17-Mobile\\node_modules\\appium-uiautomator2-driver\\node_modules\\appium-android-driver\\lib\\commands\\find.ts:86:11)\n' +
    '    at processTicksAndRejections (node:internal/process/task_queues:105:5)\n' +
    '    at AndroidUiautomator2Driver.findElOrElsWithProcessing (C:\\Users\\Pedro\\Desktop\\repositorio\\ATD_Mod17-Mobile\\node_modules\\@appium\\base-driver\\lib\\basedriver\\commands\\find.ts:60:12)\n' +
    '    at AndroidUiautomator2Driver.findElement (C:\\Users\\Pedro\\Desktop\\repositorio\\ATD_Mod17-Mobile\\node_modules\\@appium\\base-driver\\lib\\basedriver\\commands\\find.ts:76:12)\n' +
    '    at runCommandPromise (C:\\Users\\Pedro\\Desktop\\repositorio\\ATD_Mod17-Mobile\\node_modules\\@appium\\base-driver\\lib\\basedriver\\driver.ts:123:16)'
}
2026-08-09T20:37:02.802Z INFO webdriver: COMMAND findElement("-android uiautomator", "new UiSelector().resourceId("wishlist")")
2026-08-09T20:37:02.803Z INFO webdriver: [POST] http://127.0.0.1:52955/session/e8779fab-a5d2-4a49-9995-b05a1bf4f31f/element
2026-08-09T20:37:02.803Z INFO webdriver: DATA {
  using: '-android uiautomator',
  value: 'new UiSelector().resourceId("wishlist")'
}
2026-08-09T20:37:02.844Z INFO webdriver: RESULT {
  error: 'no such element',
  message: 'An element could not be located on the page using the given search parameters.',
  stacktrace: 'NoSuchElementError: An element could not be located on the page using the given search parameters.\n' +
    '    at AndroidUiautomator2Driver.findElOrEls (C:\\Users\\Pedro\\Desktop\\repositorio\\ATD_Mod17-Mobile\\node_modules\\appium-uiautomator2-driver\\node_modules\\appium-android-driver\\lib\\commands\\find.ts:86:11)\n' +
    '    at processTicksAndRejections (node:internal/process/task_queues:105:5)\n' +
    '    at AndroidUiautomator2Driver.findElOrElsWithProcessing (C:\\Users\\Pedro\\Desktop\\repositorio\\ATD_Mod17-Mobile\\node_modules\\@appium\\base-driver\\lib\\basedriver\\commands\\find.ts:60:12)\n' +
    '    at AndroidUiautomator2Driver.findElement (C:\\Users\\Pedro\\Desktop\\repositorio\\ATD_Mod17-Mobile\\node_modules\\@appium\\base-driver\\lib\\basedriver\\commands\\find.ts:76:12)\n' +
    '    at runCommandPromise (C:\\Users\\Pedro\\Desktop\\repositorio\\ATD_Mod17-Mobile\\node_modules\\@appium\\base-driver\\lib\\basedriver\\driver.ts:123:16)'
}
2026-08-09T20:37:02.849Z INFO webdriver: COMMAND findElement("-android uiautomator", "new UiSelector().resourceId("wishlist")")
2026-08-09T20:37:02.849Z INFO webdriver: [POST] http://127.0.0.1:52955/session/e8779fab-a5d2-4a49-9995-b05a1bf4f31f/element
2026-08-09T20:37:02.849Z INFO webdriver: DATA {
  using: '-android uiautomator',
  value: 'new UiSelector().resourceId("wishlist")'
}
2026-08-09T20:37:02.882Z INFO webdriver: RESULT {
  error: 'no such element',
  message: 'An element could not be located on the page using the given search parameters.',
  stacktrace: 'NoSuchElementError: An element could not be located on the page using the given search parameters.\n' +
    '    at AndroidUiautomator2Driver.findElOrEls (C:\\Users\\Pedro\\Desktop\\repositorio\\ATD_Mod17-Mobile\\node_modules\\appium-uiautomator2-driver\\node_modules\\appium-android-driver\\lib\\commands\\find.ts:86:11)\n' +
    '    at processTicksAndRejections (node:internal/process/task_queues:105:5)\n' +
    '    at AndroidUiautomator2Driver.findElOrElsWithProcessing (C:\\Users\\Pedro\\Desktop\\repositorio\\ATD_Mod17-Mobile\\node_modules\\@appium\\base-driver\\lib\\basedriver\\commands\\find.ts:60:12)\n' +
    '    at AndroidUiautomator2Driver.findElement (C:\\Users\\Pedro\\Desktop\\repositorio\\ATD_Mod17-Mobile\\node_modules\\@appium\\base-driver\\lib\\basedriver\\commands\\find.ts:76:12)\n' +
    '    at runCommandPromise (C:\\Users\\Pedro\\Desktop\\repositorio\\ATD_Mod17-Mobile\\node_modules\\@appium\\base-driver\\lib\\basedriver\\driver.ts:123:16)'
}
2026-08-09T20:37:02.896Z INFO webdriver: COMMAND findElement("-android uiautomator", "new UiSelector().resourceId("wishlist")")
2026-08-09T20:37:02.896Z INFO webdriver: [POST] http://127.0.0.1:52955/session/e8779fab-a5d2-4a49-9995-b05a1bf4f31f/element
2026-08-09T20:37:02.896Z INFO webdriver: DATA {
  using: '-android uiautomator',
  value: 'new UiSelector().resourceId("wishlist")'
}
2026-08-09T20:37:02.942Z INFO webdriver: RESULT {
  error: 'no such element',
  message: 'An element could not be located on the page using the given search parameters.',
  stacktrace: 'NoSuchElementError: An element could not be located on the page using the given search parameters.\n' +
    '    at AndroidUiautomator2Driver.findElOrEls (C:\\Users\\Pedro\\Desktop\\repositorio\\ATD_Mod17-Mobile\\node_modules\\appium-uiautomator2-driver\\node_modules\\appium-android-driver\\lib\\commands\\find.ts:86:11)\n' +
    '    at processTicksAndRejections (node:internal/process/task_queues:105:5)\n' +
    '    at AndroidUiautomator2Driver.findElOrElsWithProcessing (C:\\Users\\Pedro\\Desktop\\repositorio\\ATD_Mod17-Mobile\\node_modules\\@appium\\base-driver\\lib\\basedriver\\commands\\find.ts:60:12)\n' +
    '    at AndroidUiautomator2Driver.findElement (C:\\Users\\Pedro\\Desktop\\repositorio\\ATD_Mod17-Mobile\\node_modules\\@appium\\base-driver\\lib\\basedriver\\commands\\find.ts:76:12)\n' +
    '    at runCommandPromise (C:\\Users\\Pedro\\Desktop\\repositorio\\ATD_Mod17-Mobile\\node_modules\\@appium\\base-driver\\lib\\basedriver\\driver.ts:123:16)'
}
2026-08-09T20:37:02.959Z INFO webdriver: COMMAND findElement("-android uiautomator", "new UiSelector().resourceId("wishlist")")
2026-08-09T20:37:02.959Z INFO webdriver: [POST] http://127.0.0.1:52955/session/e8779fab-a5d2-4a49-9995-b05a1bf4f31f/element
2026-08-09T20:37:02.959Z INFO webdriver: DATA {
  using: '-android uiautomator',
  value: 'new UiSelector().resourceId("wishlist")'
}
2026-08-09T20:37:02.994Z INFO webdriver: RESULT {
  error: 'no such element',
  message: 'An element could not be located on the page using the given search parameters.',
  stacktrace: 'NoSuchElementError: An element could not be located on the page using the given search parameters.\n' +
    '    at AndroidUiautomator2Driver.findElOrEls (C:\\Users\\Pedro\\Desktop\\repositorio\\ATD_Mod17-Mobile\\node_modules\\appium-uiautomator2-driver\\node_modules\\appium-android-driver\\lib\\commands\\find.ts:86:11)\n' +
    '    at processTicksAndRejections (node:internal/process/task_queues:105:5)\n' +
    '    at AndroidUiautomator2Driver.findElOrElsWithProcessing (C:\\Users\\Pedro\\Desktop\\repositorio\\ATD_Mod17-Mobile\\node_modules\\@appium\\base-driver\\lib\\basedriver\\commands\\find.ts:60:12)\n' +
    '    at AndroidUiautomator2Driver.findElement (C:\\Users\\Pedro\\Desktop\\repositorio\\ATD_Mod17-Mobile\\node_modules\\@appium\\base-driver\\lib\\basedriver\\commands\\find.ts:76:12)\n' +
    '    at runCommandPromise (C:\\Users\\Pedro\\Desktop\\repositorio\\ATD_Mod17-Mobile\\node_modules\\@appium\\base-driver\\lib\\basedriver\\driver.ts:123:16)'
}
2026-08-09T20:37:03.006Z INFO webdriver: COMMAND findElement("-android uiautomator", "new UiSelector().resourceId("wishlist")")
2026-08-09T20:37:03.006Z INFO webdriver: [POST] http://127.0.0.1:52955/session/e8779fab-a5d2-4a49-9995-b05a1bf4f31f/element
2026-08-09T20:37:03.006Z INFO webdriver: DATA {
  using: '-android uiautomator',
  value: 'new UiSelector().resourceId("wishlist")'
}
2026-08-09T20:37:03.032Z INFO webdriver: RESULT {
  error: 'no such element',
  message: 'An element could not be located on the page using the given search parameters.',
  stacktrace: 'NoSuchElementError: An element could not be located on the page using the given search parameters.\n' +
    '    at AndroidUiautomator2Driver.findElOrEls (C:\\Users\\Pedro\\Desktop\\repositorio\\ATD_Mod17-Mobile\\node_modules\\appium-uiautomator2-driver\\node_modules\\appium-android-driver\\lib\\commands\\find.ts:86:11)\n' +
    '    at processTicksAndRejections (node:internal/process/task_queues:105:5)\n' +
    '    at AndroidUiautomator2Driver.findElOrElsWithProcessing (C:\\Users\\Pedro\\Desktop\\repositorio\\ATD_Mod17-Mobile\\node_modules\\@appium\\base-driver\\lib\\basedriver\\commands\\find.ts:60:12)\n' +
    '    at AndroidUiautomator2Driver.findElement (C:\\Users\\Pedro\\Desktop\\repositorio\\ATD_Mod17-Mobile\\node_modules\\@appium\\base-driver\\lib\\basedriver\\commands\\find.ts:76:12)\n' +
    '    at runCommandPromise (C:\\Users\\Pedro\\Desktop\\repositorio\\ATD_Mod17-Mobile\\node_modules\\@appium\\base-driver\\lib\\basedriver\\driver.ts:123:16)'
}
2026-08-09T20:37:03.037Z INFO webdriver: COMMAND findElement("-android uiautomator", "new UiSelector().resourceId("wishlist")")
2026-08-09T20:37:03.037Z INFO webdriver: [POST] http://127.0.0.1:52955/session/e8779fab-a5d2-4a49-9995-b05a1bf4f31f/element
2026-08-09T20:37:03.037Z INFO webdriver: DATA {
  using: '-android uiautomator',
  value: 'new UiSelector().resourceId("wishlist")'
}
2026-08-09T20:37:03.067Z INFO webdriver: RESULT {
  error: 'no such element',
  message: 'An element could not be located on the page using the given search parameters.',
  stacktrace: 'NoSuchElementError: An element could not be located on the page using the given search parameters.\n' +
    '    at AndroidUiautomator2Driver.findElOrEls (C:\\Users\\Pedro\\Desktop\\repositorio\\ATD_Mod17-Mobile\\node_modules\\appium-uiautomator2-driver\\node_modules\\appium-android-driver\\lib\\commands\\find.ts:86:11)\n' +
    '    at processTicksAndRejections (node:internal/process/task_queues:105:5)\n' +
    '    at AndroidUiautomator2Driver.findElOrElsWithProcessing (C:\\Users\\Pedro\\Desktop\\repositorio\\ATD_Mod17-Mobile\\node_modules\\@appium\\base-driver\\lib\\basedriver\\commands\\find.ts:60:12)\n' +
    '    at AndroidUiautomator2Driver.findElement (C:\\Users\\Pedro\\Desktop\\repositorio\\ATD_Mod17-Mobile\\node_modules\\@appium\\base-driver\\lib\\basedriver\\commands\\find.ts:76:12)\n' +
    '    at runCommandPromise (C:\\Users\\Pedro\\Desktop\\repositorio\\ATD_Mod17-Mobile\\node_modules\\@appium\\base-driver\\lib\\basedriver\\driver.ts:123:16)'
}
2026-08-09T20:37:03.069Z INFO webdriver: COMMAND findElement("-android uiautomator", "new UiSelector().resourceId("wishlist")")
2026-08-09T20:37:03.069Z INFO webdriver: [POST] http://127.0.0.1:52955/session/e8779fab-a5d2-4a49-9995-b05a1bf4f31f/element
2026-08-09T20:37:03.069Z INFO webdriver: DATA {
  using: '-android uiautomator',
  value: 'new UiSelector().resourceId("wishlist")'
}
2026-08-09T20:37:03.107Z INFO webdriver: RESULT {
  error: 'no such element',
  message: 'An element could not be located on the page using the given search parameters.',
  stacktrace: 'NoSuchElementError: An element could not be located on the page using the given search parameters.\n' +
    '    at AndroidUiautomator2Driver.findElOrEls (C:\\Users\\Pedro\\Desktop\\repositorio\\ATD_Mod17-Mobile\\node_modules\\appium-uiautomator2-driver\\node_modules\\appium-android-driver\\lib\\commands\\find.ts:86:11)\n' +
    '    at processTicksAndRejections (node:internal/process/task_queues:105:5)\n' +
    '    at AndroidUiautomator2Driver.findElOrElsWithProcessing (C:\\Users\\Pedro\\Desktop\\repositorio\\ATD_Mod17-Mobile\\node_modules\\@appium\\base-driver\\lib\\basedriver\\commands\\find.ts:60:12)\n' +
    '    at AndroidUiautomator2Driver.findElement (C:\\Users\\Pedro\\Desktop\\repositorio\\ATD_Mod17-Mobile\\node_modules\\@appium\\base-driver\\lib\\basedriver\\commands\\find.ts:76:12)\n' +
    '    at runCommandPromise (C:\\Users\\Pedro\\Desktop\\repositorio\\ATD_Mod17-Mobile\\node_modules\\@appium\\base-driver\\lib\\basedriver\\driver.ts:123:16)'
}
2026-08-09T20:37:03.109Z INFO webdriver: COMMAND findElement("-android uiautomator", "new UiSelector().resourceId("wishlist")")
2026-08-09T20:37:03.109Z INFO webdriver: [POST] http://127.0.0.1:52955/session/e8779fab-a5d2-4a49-9995-b05a1bf4f31f/element
2026-08-09T20:37:03.109Z INFO webdriver: DATA {
  using: '-android uiautomator',
  value: 'new UiSelector().resourceId("wishlist")'
}
2026-08-09T20:37:03.143Z INFO webdriver: RESULT {
  error: 'no such element',
  message: 'An element could not be located on the page using the given search parameters.',
  stacktrace: 'NoSuchElementError: An element could not be located on the page using the given search parameters.\n' +
    '    at AndroidUiautomator2Driver.findElOrEls (C:\\Users\\Pedro\\Desktop\\repositorio\\ATD_Mod17-Mobile\\node_modules\\appium-uiautomator2-driver\\node_modules\\appium-android-driver\\lib\\commands\\find.ts:86:11)\n' +
    '    at processTicksAndRejections (node:internal/process/task_queues:105:5)\n' +
    '    at AndroidUiautomator2Driver.findElOrElsWithProcessing (C:\\Users\\Pedro\\Desktop\\repositorio\\ATD_Mod17-Mobile\\node_modules\\@appium\\base-driver\\lib\\basedriver\\commands\\find.ts:60:12)\n' +
    '    at AndroidUiautomator2Driver.findElement (C:\\Users\\Pedro\\Desktop\\repositorio\\ATD_Mod17-Mobile\\node_modules\\@appium\\base-driver\\lib\\basedriver\\commands\\find.ts:76:12)\n' +
    '    at runCommandPromise (C:\\Users\\Pedro\\Desktop\\repositorio\\ATD_Mod17-Mobile\\node_modules\\@appium\\base-driver\\lib\\basedriver\\driver.ts:123:16)'
}
2026-08-09T20:37:03.148Z INFO webdriver: COMMAND findElement("-android uiautomator", "new UiSelector().resourceId("wishlist")")
2026-08-09T20:37:03.148Z INFO webdriver: [POST] http://127.0.0.1:52955/session/e8779fab-a5d2-4a49-9995-b05a1bf4f31f/element
2026-08-09T20:37:03.148Z INFO webdriver: DATA {
  using: '-android uiautomator',
  value: 'new UiSelector().resourceId("wishlist")'
}
2026-08-09T20:37:03.168Z INFO webdriver: RESULT {
  error: 'no such element',
  message: 'An element could not be located on the page using the given search parameters.',
  stacktrace: 'NoSuchElementError: An element could not be located on the page using the given search parameters.\n' +
    '    at AndroidUiautomator2Driver.findElOrEls (C:\\Users\\Pedro\\Desktop\\repositorio\\ATD_Mod17-Mobile\\node_modules\\appium-uiautomator2-driver\\node_modules\\appium-android-driver\\lib\\commands\\find.ts:86:11)\n' +
    '    at processTicksAndRejections (node:internal/process/task_queues:105:5)\n' +
    '    at AndroidUiautomator2Driver.findElOrElsWithProcessing (C:\\Users\\Pedro\\Desktop\\repositorio\\ATD_Mod17-Mobile\\node_modules\\@appium\\base-driver\\lib\\basedriver\\commands\\find.ts:60:12)\n' +
    '    at AndroidUiautomator2Driver.findElement (C:\\Users\\Pedro\\Desktop\\repositorio\\ATD_Mod17-Mobile\\node_modules\\@appium\\base-driver\\lib\\basedriver\\commands\\find.ts:76:12)\n' +
    '    at runCommandPromise (C:\\Users\\Pedro\\Desktop\\repositorio\\ATD_Mod17-Mobile\\node_modules\\@appium\\base-driver\\lib\\basedriver\\driver.ts:123:16)'
}
2026-08-09T20:37:03.180Z INFO webdriver: COMMAND findElement("-android uiautomator", "new UiSelector().resourceId("wishlist")")
2026-08-09T20:37:03.180Z INFO webdriver: [POST] http://127.0.0.1:52955/session/e8779fab-a5d2-4a49-9995-b05a1bf4f31f/element
2026-08-09T20:37:03.180Z INFO webdriver: DATA {
  using: '-android uiautomator',
  value: 'new UiSelector().resourceId("wishlist")'
}
2026-08-09T20:37:03.224Z INFO webdriver: RESULT {
  error: 'no such element',
  message: 'An element could not be located on the page using the given search parameters.',
  stacktrace: 'NoSuchElementError: An element could not be located on the page using the given search parameters.\n' +
    '    at AndroidUiautomator2Driver.findElOrEls (C:\\Users\\Pedro\\Desktop\\repositorio\\ATD_Mod17-Mobile\\node_modules\\appium-uiautomator2-driver\\node_modules\\appium-android-driver\\lib\\commands\\find.ts:86:11)\n' +
    '    at processTicksAndRejections (node:internal/process/task_queues:105:5)\n' +
    '    at AndroidUiautomator2Driver.findElOrElsWithProcessing (C:\\Users\\Pedro\\Desktop\\repositorio\\ATD_Mod17-Mobile\\node_modules\\@appium\\base-driver\\lib\\basedriver\\commands\\find.ts:60:12)\n' +
    '    at AndroidUiautomator2Driver.findElement (C:\\Users\\Pedro\\Desktop\\repositorio\\ATD_Mod17-Mobile\\node_modules\\@appium\\base-driver\\lib\\basedriver\\commands\\find.ts:76:12)\n' +
    '    at runCommandPromise (C:\\Users\\Pedro\\Desktop\\repositorio\\ATD_Mod17-Mobile\\node_modules\\@appium\\base-driver\\lib\\basedriver\\driver.ts:123:16)'
}
2026-08-09T20:37:03.241Z INFO webdriver: COMMAND findElement("-android uiautomator", "new UiSelector().resourceId("wishlist")")
2026-08-09T20:37:03.241Z INFO webdriver: [POST] http://127.0.0.1:52955/session/e8779fab-a5d2-4a49-9995-b05a1bf4f31f/element
2026-08-09T20:37:03.241Z INFO webdriver: DATA {
  using: '-android uiautomator',
  value: 'new UiSelector().resourceId("wishlist")'
}
2026-08-09T20:37:03.297Z INFO webdriver: RESULT {
  error: 'no such element',
  message: 'An element could not be located on the page using the given search parameters.',
  stacktrace: 'NoSuchElementError: An element could not be located on the page using the given search parameters.\n' +
    '    at AndroidUiautomator2Driver.findElOrEls (C:\\Users\\Pedro\\Desktop\\repositorio\\ATD_Mod17-Mobile\\node_modules\\appium-uiautomator2-driver\\node_modules\\appium-android-driver\\lib\\commands\\find.ts:86:11)\n' +
    '    at processTicksAndRejections (node:internal/process/task_queues:105:5)\n' +
    '    at AndroidUiautomator2Driver.findElOrElsWithProcessing (C:\\Users\\Pedro\\Desktop\\repositorio\\ATD_Mod17-Mobile\\node_modules\\@appium\\base-driver\\lib\\basedriver\\commands\\find.ts:60:12)\n' +
    '    at AndroidUiautomator2Driver.findElement (C:\\Users\\Pedro\\Desktop\\repositorio\\ATD_Mod17-Mobile\\node_modules\\@appium\\base-driver\\lib\\basedriver\\commands\\find.ts:76:12)\n' +
    '    at runCommandPromise (C:\\Users\\Pedro\\Desktop\\repositorio\\ATD_Mod17-Mobile\\node_modules\\@appium\\base-driver\\lib\\basedriver\\driver.ts:123:16)'
}
2026-08-09T20:37:03.305Z INFO webdriver: COMMAND findElement("-android uiautomator", "new UiSelector().resourceId("wishlist")")
2026-08-09T20:37:03.305Z INFO webdriver: [POST] http://127.0.0.1:52955/session/e8779fab-a5d2-4a49-9995-b05a1bf4f31f/element
2026-08-09T20:37:03.305Z INFO webdriver: DATA {
  using: '-android uiautomator',
  value: 'new UiSelector().resourceId("wishlist")'
}
2026-08-09T20:37:03.338Z INFO webdriver: RESULT {
  error: 'no such element',
  message: 'An element could not be located on the page using the given search parameters.',
  stacktrace: 'NoSuchElementError: An element could not be located on the page using the given search parameters.\n' +
    '    at AndroidUiautomator2Driver.findElOrEls (C:\\Users\\Pedro\\Desktop\\repositorio\\ATD_Mod17-Mobile\\node_modules\\appium-uiautomator2-driver\\node_modules\\appium-android-driver\\lib\\commands\\find.ts:86:11)\n' +
    '    at processTicksAndRejections (node:internal/process/task_queues:105:5)\n' +
    '    at AndroidUiautomator2Driver.findElOrElsWithProcessing (C:\\Users\\Pedro\\Desktop\\repositorio\\ATD_Mod17-Mobile\\node_modules\\@appium\\base-driver\\lib\\basedriver\\commands\\find.ts:60:12)\n' +
    '    at AndroidUiautomator2Driver.findElement (C:\\Users\\Pedro\\Desktop\\repositorio\\ATD_Mod17-Mobile\\node_modules\\@appium\\base-driver\\lib\\basedriver\\commands\\find.ts:76:12)\n' +
    '    at runCommandPromise (C:\\Users\\Pedro\\Desktop\\repositorio\\ATD_Mod17-Mobile\\node_modules\\@appium\\base-driver\\lib\\basedriver\\driver.ts:123:16)'
}
2026-08-09T20:37:03.352Z INFO webdriver: COMMAND findElement("-android uiautomator", "new UiSelector().resourceId("wishlist")")
2026-08-09T20:37:03.353Z INFO webdriver: [POST] http://127.0.0.1:52955/session/e8779fab-a5d2-4a49-9995-b05a1bf4f31f/element
2026-08-09T20:37:03.353Z INFO webdriver: DATA {
  using: '-android uiautomator',
  value: 'new UiSelector().resourceId("wishlist")'
}
2026-08-09T20:37:03.390Z INFO webdriver: RESULT {
  error: 'no such element',
  message: 'An element could not be located on the page using the given search parameters.',
  stacktrace: 'NoSuchElementError: An element could not be located on the page using the given search parameters.\n' +
    '    at AndroidUiautomator2Driver.findElOrEls (C:\\Users\\Pedro\\Desktop\\repositorio\\ATD_Mod17-Mobile\\node_modules\\appium-uiautomator2-driver\\node_modules\\appium-android-driver\\lib\\commands\\find.ts:86:11)\n' +
    '    at processTicksAndRejections (node:internal/process/task_queues:105:5)\n' +
    '    at AndroidUiautomator2Driver.findElOrElsWithProcessing (C:\\Users\\Pedro\\Desktop\\repositorio\\ATD_Mod17-Mobile\\node_modules\\@appium\\base-driver\\lib\\basedriver\\commands\\find.ts:60:12)\n' +
    '    at AndroidUiautomator2Driver.findElement (C:\\Users\\Pedro\\Desktop\\repositorio\\ATD_Mod17-Mobile\\node_modules\\@appium\\base-driver\\lib\\basedriver\\commands\\find.ts:76:12)\n' +
    '    at runCommandPromise (C:\\Users\\Pedro\\Desktop\\repositorio\\ATD_Mod17-Mobile\\node_modules\\@appium\\base-driver\\lib\\basedriver\\driver.ts:123:16)'
}
2026-08-09T20:37:03.393Z INFO webdriver: COMMAND findElement("-android uiautomator", "new UiSelector().resourceId("wishlist")")
2026-08-09T20:37:03.393Z INFO webdriver: [POST] http://127.0.0.1:52955/session/e8779fab-a5d2-4a49-9995-b05a1bf4f31f/element
2026-08-09T20:37:03.393Z INFO webdriver: DATA {
  using: '-android uiautomator',
  value: 'new UiSelector().resourceId("wishlist")'
}
2026-08-09T20:37:03.459Z INFO webdriver: RESULT {
  error: 'no such element',
  message: 'An element could not be located on the page using the given search parameters.',
  stacktrace: 'NoSuchElementError: An element could not be located on the page using the given search parameters.\n' +
    '    at AndroidUiautomator2Driver.findElOrEls (C:\\Users\\Pedro\\Desktop\\repositorio\\ATD_Mod17-Mobile\\node_modules\\appium-uiautomator2-driver\\node_modules\\appium-android-driver\\lib\\commands\\find.ts:86:11)\n' +
    '    at processTicksAndRejections (node:internal/process/task_queues:105:5)\n' +
    '    at AndroidUiautomator2Driver.findElOrElsWithProcessing (C:\\Users\\Pedro\\Desktop\\repositorio\\ATD_Mod17-Mobile\\node_modules\\@appium\\base-driver\\lib\\basedriver\\commands\\find.ts:60:12)\n' +
    '    at AndroidUiautomator2Driver.findElement (C:\\Users\\Pedro\\Desktop\\repositorio\\ATD_Mod17-Mobile\\node_modules\\@appium\\base-driver\\lib\\basedriver\\commands\\find.ts:76:12)\n' +
    '    at runCommandPromise (C:\\Users\\Pedro\\Desktop\\repositorio\\ATD_Mod17-Mobile\\node_modules\\@appium\\base-driver\\lib\\basedriver\\driver.ts:123:16)'
}
2026-08-09T20:37:03.476Z INFO webdriver: COMMAND findElement("-android uiautomator", "new UiSelector().resourceId("wishlist")")
2026-08-09T20:37:03.476Z INFO webdriver: [POST] http://127.0.0.1:52955/session/e8779fab-a5d2-4a49-9995-b05a1bf4f31f/element
2026-08-09T20:37:03.476Z INFO webdriver: DATA {
  using: '-android uiautomator',
  value: 'new UiSelector().resourceId("wishlist")'
}
2026-08-09T20:37:03.514Z INFO webdriver: RESULT {
  error: 'no such element',
  message: 'An element could not be located on the page using the given search parameters.',
  stacktrace: 'NoSuchElementError: An element could not be located on the page using the given search parameters.\n' +
    '    at AndroidUiautomator2Driver.findElOrEls (C:\\Users\\Pedro\\Desktop\\repositorio\\ATD_Mod17-Mobile\\node_modules\\appium-uiautomator2-driver\\node_modules\\appium-android-driver\\lib\\commands\\find.ts:86:11)\n' +
    '    at processTicksAndRejections (node:internal/process/task_queues:105:5)\n' +
    '    at AndroidUiautomator2Driver.findElOrElsWithProcessing (C:\\Users\\Pedro\\Desktop\\repositorio\\ATD_Mod17-Mobile\\node_modules\\@appium\\base-driver\\lib\\basedriver\\commands\\find.ts:60:12)\n' +
    '    at AndroidUiautomator2Driver.findElement (C:\\Users\\Pedro\\Desktop\\repositorio\\ATD_Mod17-Mobile\\node_modules\\@appium\\base-driver\\lib\\basedriver\\commands\\find.ts:76:12)\n' +
    '    at runCommandPromise (C:\\Users\\Pedro\\Desktop\\repositorio\\ATD_Mod17-Mobile\\node_modules\\@appium\\base-driver\\lib\\basedriver\\driver.ts:123:16)'
}
2026-08-09T20:37:03.522Z INFO webdriver: COMMAND findElement("-android uiautomator", "new UiSelector().resourceId("wishlist")")
2026-08-09T20:37:03.522Z INFO webdriver: [POST] http://127.0.0.1:52955/session/e8779fab-a5d2-4a49-9995-b05a1bf4f31f/element
2026-08-09T20:37:03.522Z INFO webdriver: DATA {
  using: '-android uiautomator',
  value: 'new UiSelector().resourceId("wishlist")'
}
2026-08-09T20:37:03.558Z INFO webdriver: RESULT {
  error: 'no such element',
  message: 'An element could not be located on the page using the given search parameters.',
  stacktrace: 'NoSuchElementError: An element could not be located on the page using the given search parameters.\n' +
    '    at AndroidUiautomator2Driver.findElOrEls (C:\\Users\\Pedro\\Desktop\\repositorio\\ATD_Mod17-Mobile\\node_modules\\appium-uiautomator2-driver\\node_modules\\appium-android-driver\\lib\\commands\\find.ts:86:11)\n' +
    '    at processTicksAndRejections (node:internal/process/task_queues:105:5)\n' +
    '    at AndroidUiautomator2Driver.findElOrElsWithProcessing (C:\\Users\\Pedro\\Desktop\\repositorio\\ATD_Mod17-Mobile\\node_modules\\@appium\\base-driver\\lib\\basedriver\\commands\\find.ts:60:12)\n' +
    '    at AndroidUiautomator2Driver.findElement (C:\\Users\\Pedro\\Desktop\\repositorio\\ATD_Mod17-Mobile\\node_modules\\@appium\\base-driver\\lib\\basedriver\\commands\\find.ts:76:12)\n' +
    '    at runCommandPromise (C:\\Users\\Pedro\\Desktop\\repositorio\\ATD_Mod17-Mobile\\node_modules\\@appium\\base-driver\\lib\\basedriver\\driver.ts:123:16)'
}
2026-08-09T20:37:03.585Z INFO webdriver: COMMAND findElement("-android uiautomator", "new UiSelector().resourceId("wishlist")")
2026-08-09T20:37:03.585Z INFO webdriver: [POST] http://127.0.0.1:52955/session/e8779fab-a5d2-4a49-9995-b05a1bf4f31f/element
2026-08-09T20:37:03.585Z INFO webdriver: DATA {
  using: '-android uiautomator',
  value: 'new UiSelector().resourceId("wishlist")'
}
2026-08-09T20:37:03.646Z INFO webdriver: RESULT {
  error: 'no such element',
  message: 'An element could not be located on the page using the given search parameters.',
  stacktrace: 'NoSuchElementError: An element could not be located on the page using the given search parameters.\n' +
    '    at AndroidUiautomator2Driver.findElOrEls (C:\\Users\\Pedro\\Desktop\\repositorio\\ATD_Mod17-Mobile\\node_modules\\appium-uiautomator2-driver\\node_modules\\appium-android-driver\\lib\\commands\\find.ts:86:11)\n' +
    '    at processTicksAndRejections (node:internal/process/task_queues:105:5)\n' +
    '    at AndroidUiautomator2Driver.findElOrElsWithProcessing (C:\\Users\\Pedro\\Desktop\\repositorio\\ATD_Mod17-Mobile\\node_modules\\@appium\\base-driver\\lib\\basedriver\\commands\\find.ts:60:12)\n' +
    '    at AndroidUiautomator2Driver.findElement (C:\\Users\\Pedro\\Desktop\\repositorio\\ATD_Mod17-Mobile\\node_modules\\@appium\\base-driver\\lib\\basedriver\\commands\\find.ts:76:12)\n' +
    '    at runCommandPromise (C:\\Users\\Pedro\\Desktop\\repositorio\\ATD_Mod17-Mobile\\node_modules\\@appium\\base-driver\\lib\\basedriver\\driver.ts:123:16)'
}
2026-08-09T20:37:03.696Z INFO webdriver: COMMAND findElement("-android uiautomator", "new UiSelector().resourceId("wishlist")")
2026-08-09T20:37:03.696Z INFO webdriver: [POST] http://127.0.0.1:52955/session/e8779fab-a5d2-4a49-9995-b05a1bf4f31f/element
2026-08-09T20:37:03.697Z INFO webdriver: DATA {
  using: '-android uiautomator',
  value: 'new UiSelector().resourceId("wishlist")'
}
2026-08-09T20:37:03.742Z INFO webdriver: RESULT {
  error: 'no such element',
  message: 'An element could not be located on the page using the given search parameters.',
  stacktrace: 'NoSuchElementError: An element could not be located on the page using the given search parameters.\n' +
    '    at AndroidUiautomator2Driver.findElOrEls (C:\\Users\\Pedro\\Desktop\\repositorio\\ATD_Mod17-Mobile\\node_modules\\appium-uiautomator2-driver\\node_modules\\appium-android-driver\\lib\\commands\\find.ts:86:11)\n' +
    '    at processTicksAndRejections (node:internal/process/task_queues:105:5)\n' +
    '    at AndroidUiautomator2Driver.findElOrElsWithProcessing (C:\\Users\\Pedro\\Desktop\\repositorio\\ATD_Mod17-Mobile\\node_modules\\@appium\\base-driver\\lib\\basedriver\\commands\\find.ts:60:12)\n' +
    '    at AndroidUiautomator2Driver.findElement (C:\\Users\\Pedro\\Desktop\\repositorio\\ATD_Mod17-Mobile\\node_modules\\@appium\\base-driver\\lib\\basedriver\\commands\\find.ts:76:12)\n' +
    '    at runCommandPromise (C:\\Users\\Pedro\\Desktop\\repositorio\\ATD_Mod17-Mobile\\node_modules\\@appium\\base-driver\\lib\\basedriver\\driver.ts:123:16)'
}
2026-08-09T20:37:03.789Z INFO webdriver: COMMAND findElement("-android uiautomator", "new UiSelector().resourceId("wishlist")")
2026-08-09T20:37:03.790Z INFO webdriver: [POST] http://127.0.0.1:52955/session/e8779fab-a5d2-4a49-9995-b05a1bf4f31f/element
2026-08-09T20:37:03.790Z INFO webdriver: DATA {
  using: '-android uiautomator',
  value: 'new UiSelector().resourceId("wishlist")'
}
2026-08-09T20:37:03.827Z INFO webdriver: RESULT {
  error: 'no such element',
  message: 'An element could not be located on the page using the given search parameters.',
  stacktrace: 'NoSuchElementError: An element could not be located on the page using the given search parameters.\n' +
    '    at AndroidUiautomator2Driver.findElOrEls (C:\\Users\\Pedro\\Desktop\\repositorio\\ATD_Mod17-Mobile\\node_modules\\appium-uiautomator2-driver\\node_modules\\appium-android-driver\\lib\\commands\\find.ts:86:11)\n' +
    '    at processTicksAndRejections (node:internal/process/task_queues:105:5)\n' +
    '    at AndroidUiautomator2Driver.findElOrElsWithProcessing (C:\\Users\\Pedro\\Desktop\\repositorio\\ATD_Mod17-Mobile\\node_modules\\@appium\\base-driver\\lib\\basedriver\\commands\\find.ts:60:12)\n' +
    '    at AndroidUiautomator2Driver.findElement (C:\\Users\\Pedro\\Desktop\\repositorio\\ATD_Mod17-Mobile\\node_modules\\@appium\\base-driver\\lib\\basedriver\\commands\\find.ts:76:12)\n' +
    '    at runCommandPromise (C:\\Users\\Pedro\\Desktop\\repositorio\\ATD_Mod17-Mobile\\node_modules\\@appium\\base-driver\\lib\\basedriver\\driver.ts:123:16)'
}
2026-08-09T20:37:03.899Z INFO webdriver: COMMAND findElement("-android uiautomator", "new UiSelector().resourceId("wishlist")")
2026-08-09T20:37:03.899Z INFO webdriver: [POST] http://127.0.0.1:52955/session/e8779fab-a5d2-4a49-9995-b05a1bf4f31f/element
2026-08-09T20:37:03.899Z INFO webdriver: DATA {
  using: '-android uiautomator',
  value: 'new UiSelector().resourceId("wishlist")'
}
2026-08-09T20:37:03.928Z INFO webdriver: RESULT {
  error: 'no such element',
  message: 'An element could not be located on the page using the given search parameters.',
  stacktrace: 'NoSuchElementError: An element could not be located on the page using the given search parameters.\n' +
    '    at AndroidUiautomator2Driver.findElOrEls (C:\\Users\\Pedro\\Desktop\\repositorio\\ATD_Mod17-Mobile\\node_modules\\appium-uiautomator2-driver\\node_modules\\appium-android-driver\\lib\\commands\\find.ts:86:11)\n' +
    '    at processTicksAndRejections (node:internal/process/task_queues:105:5)\n' +
    '    at AndroidUiautomator2Driver.findElOrElsWithProcessing (C:\\Users\\Pedro\\Desktop\\repositorio\\ATD_Mod17-Mobile\\node_modules\\@appium\\base-driver\\lib\\basedriver\\commands\\find.ts:60:12)\n' +
    '    at AndroidUiautomator2Driver.findElement (C:\\Users\\Pedro\\Desktop\\repositorio\\ATD_Mod17-Mobile\\node_modules\\@appium\\base-driver\\lib\\basedriver\\commands\\find.ts:76:12)\n' +
    '    at runCommandPromise (C:\\Users\\Pedro\\Desktop\\repositorio\\ATD_Mod17-Mobile\\node_modules\\@appium\\base-driver\\lib\\basedriver\\driver.ts:123:16)'
}
2026-08-09T20:37:03.992Z INFO webdriver: COMMAND findElement("-android uiautomator", "new UiSelector().resourceId("wishlist")")
2026-08-09T20:37:03.993Z INFO webdriver: [POST] http://127.0.0.1:52955/session/e8779fab-a5d2-4a49-9995-b05a1bf4f31f/element
2026-08-09T20:37:03.993Z INFO webdriver: DATA {
  using: '-android uiautomator',
  value: 'new UiSelector().resourceId("wishlist")'
}
2026-08-09T20:37:04.024Z INFO webdriver: RESULT {
  error: 'no such element',
  message: 'An element could not be located on the page using the given search parameters.',
  stacktrace: 'NoSuchElementError: An element could not be located on the page using the given search parameters.\n' +
    '    at AndroidUiautomator2Driver.findElOrEls (C:\\Users\\Pedro\\Desktop\\repositorio\\ATD_Mod17-Mobile\\node_modules\\appium-uiautomator2-driver\\node_modules\\appium-android-driver\\lib\\commands\\find.ts:86:11)\n' +
    '    at processTicksAndRejections (node:internal/process/task_queues:105:5)\n' +
    '    at AndroidUiautomator2Driver.findElOrElsWithProcessing (C:\\Users\\Pedro\\Desktop\\repositorio\\ATD_Mod17-Mobile\\node_modules\\@appium\\base-driver\\lib\\basedriver\\commands\\find.ts:60:12)\n' +
    '    at AndroidUiautomator2Driver.findElement (C:\\Users\\Pedro\\Desktop\\repositorio\\ATD_Mod17-Mobile\\node_modules\\@appium\\base-driver\\lib\\basedriver\\commands\\find.ts:76:12)\n' +
    '    at runCommandPromise (C:\\Users\\Pedro\\Desktop\\repositorio\\ATD_Mod17-Mobile\\node_modules\\@appium\\base-driver\\lib\\basedriver\\driver.ts:123:16)'
}
2026-08-09T20:37:04.085Z INFO webdriver: COMMAND findElement("-android uiautomator", "new UiSelector().resourceId("wishlist")")
2026-08-09T20:37:04.086Z INFO webdriver: [POST] http://127.0.0.1:52955/session/e8779fab-a5d2-4a49-9995-b05a1bf4f31f/element
2026-08-09T20:37:04.086Z INFO webdriver: DATA {
  using: '-android uiautomator',
  value: 'new UiSelector().resourceId("wishlist")'
}
2026-08-09T20:37:04.109Z INFO webdriver: RESULT {
  error: 'no such element',
  message: 'An element could not be located on the page using the given search parameters.',
  stacktrace: 'NoSuchElementError: An element could not be located on the page using the given search parameters.\n' +
    '    at AndroidUiautomator2Driver.findElOrEls (C:\\Users\\Pedro\\Desktop\\repositorio\\ATD_Mod17-Mobile\\node_modules\\appium-uiautomator2-driver\\node_modules\\appium-android-driver\\lib\\commands\\find.ts:86:11)\n' +
    '    at processTicksAndRejections (node:internal/process/task_queues:105:5)\n' +
    '    at AndroidUiautomator2Driver.findElOrElsWithProcessing (C:\\Users\\Pedro\\Desktop\\repositorio\\ATD_Mod17-Mobile\\node_modules\\@appium\\base-driver\\lib\\basedriver\\commands\\find.ts:60:12)\n' +
    '    at AndroidUiautomator2Driver.findElement (C:\\Users\\Pedro\\Desktop\\repositorio\\ATD_Mod17-Mobile\\node_modules\\@appium\\base-driver\\lib\\basedriver\\commands\\find.ts:76:12)\n' +
    '    at runCommandPromise (C:\\Users\\Pedro\\Desktop\\repositorio\\ATD_Mod17-Mobile\\node_modules\\@appium\\base-driver\\lib\\basedriver\\driver.ts:123:16)'
}
2026-08-09T20:37:04.196Z INFO webdriver: COMMAND findElement("-android uiautomator", "new UiSelector().resourceId("wishlist")")
2026-08-09T20:37:04.196Z INFO webdriver: [POST] http://127.0.0.1:52955/session/e8779fab-a5d2-4a49-9995-b05a1bf4f31f/element
2026-08-09T20:37:04.196Z INFO webdriver: DATA {
  using: '-android uiautomator',
  value: 'new UiSelector().resourceId("wishlist")'
}
2026-08-09T20:37:04.245Z INFO webdriver: RESULT {
  error: 'no such element',
  message: 'An element could not be located on the page using the given search parameters.',
  stacktrace: 'NoSuchElementError: An element could not be located on the page using the given search parameters.\n' +
    '    at AndroidUiautomator2Driver.findElOrEls (C:\\Users\\Pedro\\Desktop\\repositorio\\ATD_Mod17-Mobile\\node_modules\\appium-uiautomator2-driver\\node_modules\\appium-android-driver\\lib\\commands\\find.ts:86:11)\n' +
    '    at processTicksAndRejections (node:internal/process/task_queues:105:5)\n' +
    '    at AndroidUiautomator2Driver.findElOrElsWithProcessing (C:\\Users\\Pedro\\Desktop\\repositorio\\ATD_Mod17-Mobile\\node_modules\\@appium\\base-driver\\lib\\basedriver\\commands\\find.ts:60:12)\n' +
    '    at AndroidUiautomator2Driver.findElement (C:\\Users\\Pedro\\Desktop\\repositorio\\ATD_Mod17-Mobile\\node_modules\\@appium\\base-driver\\lib\\basedriver\\commands\\find.ts:76:12)\n' +
    '    at runCommandPromise (C:\\Users\\Pedro\\Desktop\\repositorio\\ATD_Mod17-Mobile\\node_modules\\@appium\\base-driver\\lib\\basedriver\\driver.ts:123:16)'
}
2026-08-09T20:37:04.287Z INFO webdriver: COMMAND findElement("-android uiautomator", "new UiSelector().resourceId("wishlist")")
2026-08-09T20:37:04.287Z INFO webdriver: [POST] http://127.0.0.1:52955/session/e8779fab-a5d2-4a49-9995-b05a1bf4f31f/element
2026-08-09T20:37:04.287Z INFO webdriver: DATA {
  using: '-android uiautomator',
  value: 'new UiSelector().resourceId("wishlist")'
}
2026-08-09T20:37:04.361Z INFO webdriver: RESULT {
  error: 'no such element',
  message: 'An element could not be located on the page using the given search parameters.',
  stacktrace: 'NoSuchElementError: An element could not be located on the page using the given search parameters.\n' +
    '    at AndroidUiautomator2Driver.findElOrEls (C:\\Users\\Pedro\\Desktop\\repositorio\\ATD_Mod17-Mobile\\node_modules\\appium-uiautomator2-driver\\node_modules\\appium-android-driver\\lib\\commands\\find.ts:86:11)\n' +
    '    at processTicksAndRejections (node:internal/process/task_queues:105:5)\n' +
    '    at AndroidUiautomator2Driver.findElOrElsWithProcessing (C:\\Users\\Pedro\\Desktop\\repositorio\\ATD_Mod17-Mobile\\node_modules\\@appium\\base-driver\\lib\\basedriver\\commands\\find.ts:60:12)\n' +
    '    at AndroidUiautomator2Driver.findElement (C:\\Users\\Pedro\\Desktop\\repositorio\\ATD_Mod17-Mobile\\node_modules\\@appium\\base-driver\\lib\\basedriver\\commands\\find.ts:76:12)\n' +
    '    at runCommandPromise (C:\\Users\\Pedro\\Desktop\\repositorio\\ATD_Mod17-Mobile\\node_modules\\@appium\\base-driver\\lib\\basedriver\\driver.ts:123:16)'
}
2026-08-09T20:37:04.396Z INFO webdriver: COMMAND findElement("-android uiautomator", "new UiSelector().resourceId("wishlist")")
2026-08-09T20:37:04.396Z INFO webdriver: [POST] http://127.0.0.1:52955/session/e8779fab-a5d2-4a49-9995-b05a1bf4f31f/element
2026-08-09T20:37:04.396Z INFO webdriver: DATA {
  using: '-android uiautomator',
  value: 'new UiSelector().resourceId("wishlist")'
}
2026-08-09T20:37:04.440Z INFO webdriver: RESULT {
  error: 'no such element',
  message: 'An element could not be located on the page using the given search parameters.',
  stacktrace: 'NoSuchElementError: An element could not be located on the page using the given search parameters.\n' +
    '    at AndroidUiautomator2Driver.findElOrEls (C:\\Users\\Pedro\\Desktop\\repositorio\\ATD_Mod17-Mobile\\node_modules\\appium-uiautomator2-driver\\node_modules\\appium-android-driver\\lib\\commands\\find.ts:86:11)\n' +
    '    at processTicksAndRejections (node:internal/process/task_queues:105:5)\n' +
    '    at AndroidUiautomator2Driver.findElOrElsWithProcessing (C:\\Users\\Pedro\\Desktop\\repositorio\\ATD_Mod17-Mobile\\node_modules\\@appium\\base-driver\\lib\\basedriver\\commands\\find.ts:60:12)\n' +
    '    at AndroidUiautomator2Driver.findElement (C:\\Users\\Pedro\\Desktop\\repositorio\\ATD_Mod17-Mobile\\node_modules\\@appium\\base-driver\\lib\\basedriver\\commands\\find.ts:76:12)\n' +
    '    at runCommandPromise (C:\\Users\\Pedro\\Desktop\\repositorio\\ATD_Mod17-Mobile\\node_modules\\@appium\\base-driver\\lib\\basedriver\\driver.ts:123:16)'
}
2026-08-09T20:37:04.489Z INFO webdriver: COMMAND findElement("-android uiautomator", "new UiSelector().resourceId("wishlist")")
2026-08-09T20:37:04.489Z INFO webdriver: [POST] http://127.0.0.1:52955/session/e8779fab-a5d2-4a49-9995-b05a1bf4f31f/element
2026-08-09T20:37:04.489Z INFO webdriver: DATA {
  using: '-android uiautomator',
  value: 'new UiSelector().resourceId("wishlist")'
}
2026-08-09T20:37:04.518Z INFO webdriver: RESULT {
  error: 'no such element',
  message: 'An element could not be located on the page using the given search parameters.',
  stacktrace: 'NoSuchElementError: An element could not be located on the page using the given search parameters.\n' +
    '    at AndroidUiautomator2Driver.findElOrEls (C:\\Users\\Pedro\\Desktop\\repositorio\\ATD_Mod17-Mobile\\node_modules\\appium-uiautomator2-driver\\node_modules\\appium-android-driver\\lib\\commands\\find.ts:86:11)\n' +
    '    at processTicksAndRejections (node:internal/process/task_queues:105:5)\n' +
    '    at AndroidUiautomator2Driver.findElOrElsWithProcessing (C:\\Users\\Pedro\\Desktop\\repositorio\\ATD_Mod17-Mobile\\node_modules\\@appium\\base-driver\\lib\\basedriver\\commands\\find.ts:60:12)\n' +
    '    at AndroidUiautomator2Driver.findElement (C:\\Users\\Pedro\\Desktop\\repositorio\\ATD_Mod17-Mobile\\node_modules\\@appium\\base-driver\\lib\\basedriver\\commands\\find.ts:76:12)\n' +
    '    at runCommandPromise (C:\\Users\\Pedro\\Desktop\\repositorio\\ATD_Mod17-Mobile\\node_modules\\@appium\\base-driver\\lib\\basedriver\\driver.ts:123:16)'
}
2026-08-09T20:37:04.597Z INFO webdriver: COMMAND findElement("-android uiautomator", "new UiSelector().resourceId("wishlist")")
2026-08-09T20:37:04.597Z INFO webdriver: [POST] http://127.0.0.1:52955/session/e8779fab-a5d2-4a49-9995-b05a1bf4f31f/element
2026-08-09T20:37:04.597Z INFO webdriver: DATA {
  using: '-android uiautomator',
  value: 'new UiSelector().resourceId("wishlist")'
}
2026-08-09T20:37:04.627Z INFO webdriver: RESULT {
  error: 'no such element',
  message: 'An element could not be located on the page using the given search parameters.',
  stacktrace: 'NoSuchElementError: An element could not be located on the page using the given search parameters.\n' +
    '    at AndroidUiautomator2Driver.findElOrEls (C:\\Users\\Pedro\\Desktop\\repositorio\\ATD_Mod17-Mobile\\node_modules\\appium-uiautomator2-driver\\node_modules\\appium-android-driver\\lib\\commands\\find.ts:86:11)\n' +
    '    at processTicksAndRejections (node:internal/process/task_queues:105:5)\n' +
    '    at AndroidUiautomator2Driver.findElOrElsWithProcessing (C:\\Users\\Pedro\\Desktop\\repositorio\\ATD_Mod17-Mobile\\node_modules\\@appium\\base-driver\\lib\\basedriver\\commands\\find.ts:60:12)\n' +
    '    at AndroidUiautomator2Driver.findElement (C:\\Users\\Pedro\\Desktop\\repositorio\\ATD_Mod17-Mobile\\node_modules\\@appium\\base-driver\\lib\\basedriver\\commands\\find.ts:76:12)\n' +
    '    at runCommandPromise (C:\\Users\\Pedro\\Desktop\\repositorio\\ATD_Mod17-Mobile\\node_modules\\@appium\\base-driver\\lib\\basedriver\\driver.ts:123:16)'
}
2026-08-09T20:37:04.691Z INFO webdriver: COMMAND findElement("-android uiautomator", "new UiSelector().resourceId("wishlist")")
2026-08-09T20:37:04.691Z INFO webdriver: [POST] http://127.0.0.1:52955/session/e8779fab-a5d2-4a49-9995-b05a1bf4f31f/element
2026-08-09T20:37:04.691Z INFO webdriver: DATA {
  using: '-android uiautomator',
  value: 'new UiSelector().resourceId("wishlist")'
}
2026-08-09T20:37:04.723Z INFO webdriver: RESULT {
  error: 'no such element',
  message: 'An element could not be located on the page using the given search parameters.',
  stacktrace: 'NoSuchElementError: An element could not be located on the page using the given search parameters.\n' +
    '    at AndroidUiautomator2Driver.findElOrEls (C:\\Users\\Pedro\\Desktop\\repositorio\\ATD_Mod17-Mobile\\node_modules\\appium-uiautomator2-driver\\node_modules\\appium-android-driver\\lib\\commands\\find.ts:86:11)\n' +
    '    at processTicksAndRejections (node:internal/process/task_queues:105:5)\n' +
    '    at AndroidUiautomator2Driver.findElOrElsWithProcessing (C:\\Users\\Pedro\\Desktop\\repositorio\\ATD_Mod17-Mobile\\node_modules\\@appium\\base-driver\\lib\\basedriver\\commands\\find.ts:60:12)\n' +
    '    at AndroidUiautomator2Driver.findElement (C:\\Users\\Pedro\\Desktop\\repositorio\\ATD_Mod17-Mobile\\node_modules\\@appium\\base-driver\\lib\\basedriver\\commands\\find.ts:76:12)\n' +
    '    at runCommandPromise (C:\\Users\\Pedro\\Desktop\\repositorio\\ATD_Mod17-Mobile\\node_modules\\@appium\\base-driver\\lib\\basedriver\\driver.ts:123:16)'
}
2026-08-09T20:37:04.784Z INFO webdriver: COMMAND findElement("-android uiautomator", "new UiSelector().resourceId("wishlist")")
2026-08-09T20:37:04.785Z INFO webdriver: [POST] http://127.0.0.1:52955/session/e8779fab-a5d2-4a49-9995-b05a1bf4f31f/element
2026-08-09T20:37:04.785Z INFO webdriver: DATA {
  using: '-android uiautomator',
  value: 'new UiSelector().resourceId("wishlist")'
}
2026-08-09T20:37:04.829Z INFO webdriver: RESULT {
  error: 'no such element',
  message: 'An element could not be located on the page using the given search parameters.',
  stacktrace: 'NoSuchElementError: An element could not be located on the page using the given search parameters.\n' +
    '    at AndroidUiautomator2Driver.findElOrEls (C:\\Users\\Pedro\\Desktop\\repositorio\\ATD_Mod17-Mobile\\node_modules\\appium-uiautomator2-driver\\node_modules\\appium-android-driver\\lib\\commands\\find.ts:86:11)\n' +
    '    at processTicksAndRejections (node:internal/process/task_queues:105:5)\n' +
    '    at AndroidUiautomator2Driver.findElOrElsWithProcessing (C:\\Users\\Pedro\\Desktop\\repositorio\\ATD_Mod17-Mobile\\node_modules\\@appium\\base-driver\\lib\\basedriver\\commands\\find.ts:60:12)\n' +
    '    at AndroidUiautomator2Driver.findElement (C:\\Users\\Pedro\\Desktop\\repositorio\\ATD_Mod17-Mobile\\node_modules\\@appium\\base-driver\\lib\\basedriver\\commands\\find.ts:76:12)\n' +
    '    at runCommandPromise (C:\\Users\\Pedro\\Desktop\\repositorio\\ATD_Mod17-Mobile\\node_modules\\@appium\\base-driver\\lib\\basedriver\\driver.ts:123:16)'
}
2026-08-09T20:37:04.895Z INFO webdriver: COMMAND findElement("-android uiautomator", "new UiSelector().resourceId("wishlist")")
2026-08-09T20:37:04.895Z INFO webdriver: [POST] http://127.0.0.1:52955/session/e8779fab-a5d2-4a49-9995-b05a1bf4f31f/element
2026-08-09T20:37:04.895Z INFO webdriver: DATA {
  using: '-android uiautomator',
  value: 'new UiSelector().resourceId("wishlist")'
}
2026-08-09T20:37:04.916Z INFO webdriver: RESULT {
  error: 'no such element',
  message: 'An element could not be located on the page using the given search parameters.',
  stacktrace: 'NoSuchElementError: An element could not be located on the page using the given search parameters.\n' +
    '    at AndroidUiautomator2Driver.findElOrEls (C:\\Users\\Pedro\\Desktop\\repositorio\\ATD_Mod17-Mobile\\node_modules\\appium-uiautomator2-driver\\node_modules\\appium-android-driver\\lib\\commands\\find.ts:86:11)\n' +
    '    at processTicksAndRejections (node:internal/process/task_queues:105:5)\n' +
    '    at AndroidUiautomator2Driver.findElOrElsWithProcessing (C:\\Users\\Pedro\\Desktop\\repositorio\\ATD_Mod17-Mobile\\node_modules\\@appium\\base-driver\\lib\\basedriver\\commands\\find.ts:60:12)\n' +
    '    at AndroidUiautomator2Driver.findElement (C:\\Users\\Pedro\\Desktop\\repositorio\\ATD_Mod17-Mobile\\node_modules\\@appium\\base-driver\\lib\\basedriver\\commands\\find.ts:76:12)\n' +
    '    at runCommandPromise (C:\\Users\\Pedro\\Desktop\\repositorio\\ATD_Mod17-Mobile\\node_modules\\@appium\\base-driver\\lib\\basedriver\\driver.ts:123:16)'
}
2026-08-09T20:37:04.991Z INFO webdriver: COMMAND findElement("-android uiautomator", "new UiSelector().resourceId("wishlist")")
2026-08-09T20:37:04.991Z INFO webdriver: [POST] http://127.0.0.1:52955/session/e8779fab-a5d2-4a49-9995-b05a1bf4f31f/element
2026-08-09T20:37:04.991Z INFO webdriver: DATA {
  using: '-android uiautomator',
  value: 'new UiSelector().resourceId("wishlist")'
}
2026-08-09T20:37:05.031Z INFO webdriver: RESULT {
  error: 'no such element',
  message: 'An element could not be located on the page using the given search parameters.',
  stacktrace: 'NoSuchElementError: An element could not be located on the page using the given search parameters.\n' +
    '    at AndroidUiautomator2Driver.findElOrEls (C:\\Users\\Pedro\\Desktop\\repositorio\\ATD_Mod17-Mobile\\node_modules\\appium-uiautomator2-driver\\node_modules\\appium-android-driver\\lib\\commands\\find.ts:86:11)\n' +
    '    at processTicksAndRejections (node:internal/process/task_queues:105:5)\n' +
    '    at AndroidUiautomator2Driver.findElOrElsWithProcessing (C:\\Users\\Pedro\\Desktop\\repositorio\\ATD_Mod17-Mobile\\node_modules\\@appium\\base-driver\\lib\\basedriver\\commands\\find.ts:60:12)\n' +
    '    at AndroidUiautomator2Driver.findElement (C:\\Users\\Pedro\\Desktop\\repositorio\\ATD_Mod17-Mobile\\node_modules\\@appium\\base-driver\\lib\\basedriver\\commands\\find.ts:76:12)\n' +
    '    at runCommandPromise (C:\\Users\\Pedro\\Desktop\\repositorio\\ATD_Mod17-Mobile\\node_modules\\@appium\\base-driver\\lib\\basedriver\\driver.ts:123:16)'
}
2026-08-09T20:37:05.084Z INFO webdriver: COMMAND findElement("-android uiautomator", "new UiSelector().resourceId("wishlist")")
2026-08-09T20:37:05.084Z INFO webdriver: [POST] http://127.0.0.1:52955/session/e8779fab-a5d2-4a49-9995-b05a1bf4f31f/element
2026-08-09T20:37:05.084Z INFO webdriver: DATA {
  using: '-android uiautomator',
  value: 'new UiSelector().resourceId("wishlist")'
}
2026-08-09T20:37:05.132Z INFO webdriver: RESULT {
  error: 'no such element',
  message: 'An element could not be located on the page using the given search parameters.',
  stacktrace: 'NoSuchElementError: An element could not be located on the page using the given search parameters.\n' +
    '    at AndroidUiautomator2Driver.findElOrEls (C:\\Users\\Pedro\\Desktop\\repositorio\\ATD_Mod17-Mobile\\node_modules\\appium-uiautomator2-driver\\node_modules\\appium-android-driver\\lib\\commands\\find.ts:86:11)\n' +
    '    at processTicksAndRejections (node:internal/process/task_queues:105:5)\n' +
    '    at AndroidUiautomator2Driver.findElOrElsWithProcessing (C:\\Users\\Pedro\\Desktop\\repositorio\\ATD_Mod17-Mobile\\node_modules\\@appium\\base-driver\\lib\\basedriver\\commands\\find.ts:60:12)\n' +
    '    at AndroidUiautomator2Driver.findElement (C:\\Users\\Pedro\\Desktop\\repositorio\\ATD_Mod17-Mobile\\node_modules\\@appium\\base-driver\\lib\\basedriver\\commands\\find.ts:76:12)\n' +
    '    at runCommandPromise (C:\\Users\\Pedro\\Desktop\\repositorio\\ATD_Mod17-Mobile\\node_modules\\@appium\\base-driver\\lib\\basedriver\\driver.ts:123:16)'
}
2026-08-09T20:37:05.194Z INFO webdriver: COMMAND findElement("-android uiautomator", "new UiSelector().resourceId("wishlist")")
2026-08-09T20:37:05.195Z INFO webdriver: [POST] http://127.0.0.1:52955/session/e8779fab-a5d2-4a49-9995-b05a1bf4f31f/element
2026-08-09T20:37:05.195Z INFO webdriver: DATA {
  using: '-android uiautomator',
  value: 'new UiSelector().resourceId("wishlist")'
}
2026-08-09T20:37:05.248Z INFO webdriver: RESULT {
  error: 'no such element',
  message: 'An element could not be located on the page using the given search parameters.',
  stacktrace: 'NoSuchElementError: An element could not be located on the page using the given search parameters.\n' +
    '    at AndroidUiautomator2Driver.findElOrEls (C:\\Users\\Pedro\\Desktop\\repositorio\\ATD_Mod17-Mobile\\node_modules\\appium-uiautomator2-driver\\node_modules\\appium-android-driver\\lib\\commands\\find.ts:86:11)\n' +
    '    at processTicksAndRejections (node:internal/process/task_queues:105:5)\n' +
    '    at AndroidUiautomator2Driver.findElOrElsWithProcessing (C:\\Users\\Pedro\\Desktop\\repositorio\\ATD_Mod17-Mobile\\node_modules\\@appium\\base-driver\\lib\\basedriver\\commands\\find.ts:60:12)\n' +
    '    at AndroidUiautomator2Driver.findElement (C:\\Users\\Pedro\\Desktop\\repositorio\\ATD_Mod17-Mobile\\node_modules\\@appium\\base-driver\\lib\\basedriver\\commands\\find.ts:76:12)\n' +
    '    at runCommandPromise (C:\\Users\\Pedro\\Desktop\\repositorio\\ATD_Mod17-Mobile\\node_modules\\@appium\\base-driver\\lib\\basedriver\\driver.ts:123:16)'
}
2026-08-09T20:37:05.288Z INFO webdriver: COMMAND findElement("-android uiautomator", "new UiSelector().resourceId("wishlist")")
2026-08-09T20:37:05.289Z INFO webdriver: [POST] http://127.0.0.1:52955/session/e8779fab-a5d2-4a49-9995-b05a1bf4f31f/element
2026-08-09T20:37:05.289Z INFO webdriver: DATA {
  using: '-android uiautomator',
  value: 'new UiSelector().resourceId("wishlist")'
}
2026-08-09T20:37:05.331Z INFO webdriver: RESULT {
  error: 'no such element',
  message: 'An element could not be located on the page using the given search parameters.',
  stacktrace: 'NoSuchElementError: An element could not be located on the page using the given search parameters.\n' +
    '    at AndroidUiautomator2Driver.findElOrEls (C:\\Users\\Pedro\\Desktop\\repositorio\\ATD_Mod17-Mobile\\node_modules\\appium-uiautomator2-driver\\node_modules\\appium-android-driver\\lib\\commands\\find.ts:86:11)\n' +
    '    at processTicksAndRejections (node:internal/process/task_queues:105:5)\n' +
    '    at AndroidUiautomator2Driver.findElOrElsWithProcessing (C:\\Users\\Pedro\\Desktop\\repositorio\\ATD_Mod17-Mobile\\node_modules\\@appium\\base-driver\\lib\\basedriver\\commands\\find.ts:60:12)\n' +
    '    at AndroidUiautomator2Driver.findElement (C:\\Users\\Pedro\\Desktop\\repositorio\\ATD_Mod17-Mobile\\node_modules\\@appium\\base-driver\\lib\\basedriver\\commands\\find.ts:76:12)\n' +
    '    at runCommandPromise (C:\\Users\\Pedro\\Desktop\\repositorio\\ATD_Mod17-Mobile\\node_modules\\@appium\\base-driver\\lib\\basedriver\\driver.ts:123:16)'
}
2026-08-09T20:37:05.384Z INFO webdriver: COMMAND findElement("-android uiautomator", "new UiSelector().resourceId("wishlist")")
2026-08-09T20:37:05.384Z INFO webdriver: [POST] http://127.0.0.1:52955/session/e8779fab-a5d2-4a49-9995-b05a1bf4f31f/element
2026-08-09T20:37:05.384Z INFO webdriver: DATA {
  using: '-android uiautomator',
  value: 'new UiSelector().resourceId("wishlist")'
}
2026-08-09T20:37:05.425Z INFO webdriver: RESULT {
  error: 'no such element',
  message: 'An element could not be located on the page using the given search parameters.',
  stacktrace: 'NoSuchElementError: An element could not be located on the page using the given search parameters.\n' +
    '    at AndroidUiautomator2Driver.findElOrEls (C:\\Users\\Pedro\\Desktop\\repositorio\\ATD_Mod17-Mobile\\node_modules\\appium-uiautomator2-driver\\node_modules\\appium-android-driver\\lib\\commands\\find.ts:86:11)\n' +
    '    at processTicksAndRejections (node:internal/process/task_queues:105:5)\n' +
    '    at AndroidUiautomator2Driver.findElOrElsWithProcessing (C:\\Users\\Pedro\\Desktop\\repositorio\\ATD_Mod17-Mobile\\node_modules\\@appium\\base-driver\\lib\\basedriver\\commands\\find.ts:60:12)\n' +
    '    at AndroidUiautomator2Driver.findElement (C:\\Users\\Pedro\\Desktop\\repositorio\\ATD_Mod17-Mobile\\node_modules\\@appium\\base-driver\\lib\\basedriver\\commands\\find.ts:76:12)\n' +
    '    at runCommandPromise (C:\\Users\\Pedro\\Desktop\\repositorio\\ATD_Mod17-Mobile\\node_modules\\@appium\\base-driver\\lib\\basedriver\\driver.ts:123:16)'
}
2026-08-09T20:37:05.494Z INFO webdriver: COMMAND findElement("-android uiautomator", "new UiSelector().resourceId("wishlist")")
2026-08-09T20:37:05.494Z INFO webdriver: [POST] http://127.0.0.1:52955/session/e8779fab-a5d2-4a49-9995-b05a1bf4f31f/element
2026-08-09T20:37:05.494Z INFO webdriver: DATA {
  using: '-android uiautomator',
  value: 'new UiSelector().resourceId("wishlist")'
}
2026-08-09T20:37:05.516Z INFO webdriver: RESULT {
  error: 'no such element',
  message: 'An element could not be located on the page using the given search parameters.',
  stacktrace: 'NoSuchElementError: An element could not be located on the page using the given search parameters.\n' +
    '    at AndroidUiautomator2Driver.findElOrEls (C:\\Users\\Pedro\\Desktop\\repositorio\\ATD_Mod17-Mobile\\node_modules\\appium-uiautomator2-driver\\node_modules\\appium-android-driver\\lib\\commands\\find.ts:86:11)\n' +
    '    at processTicksAndRejections (node:internal/process/task_queues:105:5)\n' +
    '    at AndroidUiautomator2Driver.findElOrElsWithProcessing (C:\\Users\\Pedro\\Desktop\\repositorio\\ATD_Mod17-Mobile\\node_modules\\@appium\\base-driver\\lib\\basedriver\\commands\\find.ts:60:12)\n' +
    '    at AndroidUiautomator2Driver.findElement (C:\\Users\\Pedro\\Desktop\\repositorio\\ATD_Mod17-Mobile\\node_modules\\@appium\\base-driver\\lib\\basedriver\\commands\\find.ts:76:12)\n' +
    '    at runCommandPromise (C:\\Users\\Pedro\\Desktop\\repositorio\\ATD_Mod17-Mobile\\node_modules\\@appium\\base-driver\\lib\\basedriver\\driver.ts:123:16)'
}
2026-08-09T20:37:05.589Z INFO webdriver: COMMAND findElement("-android uiautomator", "new UiSelector().resourceId("wishlist")")
2026-08-09T20:37:05.589Z INFO webdriver: [POST] http://127.0.0.1:52955/session/e8779fab-a5d2-4a49-9995-b05a1bf4f31f/element
2026-08-09T20:37:05.589Z INFO webdriver: DATA {
  using: '-android uiautomator',
  value: 'new UiSelector().resourceId("wishlist")'
}
2026-08-09T20:37:05.623Z INFO webdriver: RESULT {
  error: 'no such element',
  message: 'An element could not be located on the page using the given search parameters.',
  stacktrace: 'NoSuchElementError: An element could not be located on the page using the given search parameters.\n' +
    '    at AndroidUiautomator2Driver.findElOrEls (C:\\Users\\Pedro\\Desktop\\repositorio\\ATD_Mod17-Mobile\\node_modules\\appium-uiautomator2-driver\\node_modules\\appium-android-driver\\lib\\commands\\find.ts:86:11)\n' +
    '    at processTicksAndRejections (node:internal/process/task_queues:105:5)\n' +
    '    at AndroidUiautomator2Driver.findElOrElsWithProcessing (C:\\Users\\Pedro\\Desktop\\repositorio\\ATD_Mod17-Mobile\\node_modules\\@appium\\base-driver\\lib\\basedriver\\commands\\find.ts:60:12)\n' +
    '    at AndroidUiautomator2Driver.findElement (C:\\Users\\Pedro\\Desktop\\repositorio\\ATD_Mod17-Mobile\\node_modules\\@appium\\base-driver\\lib\\basedriver\\commands\\find.ts:76:12)\n' +
    '    at runCommandPromise (C:\\Users\\Pedro\\Desktop\\repositorio\\ATD_Mod17-Mobile\\node_modules\\@appium\\base-driver\\lib\\basedriver\\driver.ts:123:16)'
}
2026-08-09T20:37:05.682Z INFO webdriver: COMMAND findElement("-android uiautomator", "new UiSelector().resourceId("wishlist")")
2026-08-09T20:37:05.683Z INFO webdriver: [POST] http://127.0.0.1:52955/session/e8779fab-a5d2-4a49-9995-b05a1bf4f31f/element
2026-08-09T20:37:05.683Z INFO webdriver: DATA {
  using: '-android uiautomator',
  value: 'new UiSelector().resourceId("wishlist")'
}
2026-08-09T20:37:05.732Z INFO webdriver: RESULT {
  error: 'no such element',
  message: 'An element could not be located on the page using the given search parameters.',
  stacktrace: 'NoSuchElementError: An element could not be located on the page using the given search parameters.\n' +
    '    at AndroidUiautomator2Driver.findElOrEls (C:\\Users\\Pedro\\Desktop\\repositorio\\ATD_Mod17-Mobile\\node_modules\\appium-uiautomator2-driver\\node_modules\\appium-android-driver\\lib\\commands\\find.ts:86:11)\n' +
    '    at processTicksAndRejections (node:internal/process/task_queues:105:5)\n' +
    '    at AndroidUiautomator2Driver.findElOrElsWithProcessing (C:\\Users\\Pedro\\Desktop\\repositorio\\ATD_Mod17-Mobile\\node_modules\\@appium\\base-driver\\lib\\basedriver\\commands\\find.ts:60:12)\n' +
    '    at AndroidUiautomator2Driver.findElement (C:\\Users\\Pedro\\Desktop\\repositorio\\ATD_Mod17-Mobile\\node_modules\\@appium\\base-driver\\lib\\basedriver\\commands\\find.ts:76:12)\n' +
    '    at runCommandPromise (C:\\Users\\Pedro\\Desktop\\repositorio\\ATD_Mod17-Mobile\\node_modules\\@appium\\base-driver\\lib\\basedriver\\driver.ts:123:16)'
}
2026-08-09T20:37:05.793Z INFO webdriver: COMMAND findElement("-android uiautomator", "new UiSelector().resourceId("wishlist")")
2026-08-09T20:37:05.793Z INFO webdriver: [POST] http://127.0.0.1:52955/session/e8779fab-a5d2-4a49-9995-b05a1bf4f31f/element
2026-08-09T20:37:05.793Z INFO webdriver: DATA {
  using: '-android uiautomator',
  value: 'new UiSelector().resourceId("wishlist")'
}
2026-08-09T20:37:05.825Z INFO webdriver: RESULT {
  error: 'no such element',
  message: 'An element could not be located on the page using the given search parameters.',
  stacktrace: 'NoSuchElementError: An element could not be located on the page using the given search parameters.\n' +
    '    at AndroidUiautomator2Driver.findElOrEls (C:\\Users\\Pedro\\Desktop\\repositorio\\ATD_Mod17-Mobile\\node_modules\\appium-uiautomator2-driver\\node_modules\\appium-android-driver\\lib\\commands\\find.ts:86:11)\n' +
    '    at processTicksAndRejections (node:internal/process/task_queues:105:5)\n' +
    '    at AndroidUiautomator2Driver.findElOrElsWithProcessing (C:\\Users\\Pedro\\Desktop\\repositorio\\ATD_Mod17-Mobile\\node_modules\\@appium\\base-driver\\lib\\basedriver\\commands\\find.ts:60:12)\n' +
    '    at AndroidUiautomator2Driver.findElement (C:\\Users\\Pedro\\Desktop\\repositorio\\ATD_Mod17-Mobile\\node_modules\\@appium\\base-driver\\lib\\basedriver\\commands\\find.ts:76:12)\n' +
    '    at runCommandPromise (C:\\Users\\Pedro\\Desktop\\repositorio\\ATD_Mod17-Mobile\\node_modules\\@appium\\base-driver\\lib\\basedriver\\driver.ts:123:16)'
}
2026-08-09T20:37:05.887Z INFO webdriver: COMMAND findElement("-android uiautomator", "new UiSelector().resourceId("wishlist")")
2026-08-09T20:37:05.887Z INFO webdriver: [POST] http://127.0.0.1:52955/session/e8779fab-a5d2-4a49-9995-b05a1bf4f31f/element
2026-08-09T20:37:05.887Z INFO webdriver: DATA {
  using: '-android uiautomator',
  value: 'new UiSelector().resourceId("wishlist")'
}
2026-08-09T20:37:05.916Z INFO webdriver: RESULT {
  error: 'no such element',
  message: 'An element could not be located on the page using the given search parameters.',
  stacktrace: 'NoSuchElementError: An element could not be located on the page using the given search parameters.\n' +
    '    at AndroidUiautomator2Driver.findElOrEls (C:\\Users\\Pedro\\Desktop\\repositorio\\ATD_Mod17-Mobile\\node_modules\\appium-uiautomator2-driver\\node_modules\\appium-android-driver\\lib\\commands\\find.ts:86:11)\n' +
    '    at processTicksAndRejections (node:internal/process/task_queues:105:5)\n' +
    '    at AndroidUiautomator2Driver.findElOrElsWithProcessing (C:\\Users\\Pedro\\Desktop\\repositorio\\ATD_Mod17-Mobile\\node_modules\\@appium\\base-driver\\lib\\basedriver\\commands\\find.ts:60:12)\n' +
    '    at AndroidUiautomator2Driver.findElement (C:\\Users\\Pedro\\Desktop\\repositorio\\ATD_Mod17-Mobile\\node_modules\\@appium\\base-driver\\lib\\basedriver\\commands\\find.ts:76:12)\n' +
    '    at runCommandPromise (C:\\Users\\Pedro\\Desktop\\repositorio\\ATD_Mod17-Mobile\\node_modules\\@appium\\base-driver\\lib\\basedriver\\driver.ts:123:16)'
}
2026-08-09T20:37:05.998Z INFO webdriver: COMMAND findElement("-android uiautomator", "new UiSelector().resourceId("wishlist")")
2026-08-09T20:37:05.999Z INFO webdriver: [POST] http://127.0.0.1:52955/session/e8779fab-a5d2-4a49-9995-b05a1bf4f31f/element
2026-08-09T20:37:05.999Z INFO webdriver: DATA {
  using: '-android uiautomator',
  value: 'new UiSelector().resourceId("wishlist")'
}
2026-08-09T20:37:07.796Z INFO webdriver: RESULT {
  'element-6066-11e4-a52e-4f735466cecf': '00000000-0000-0215-ffff-ffff00002bf2',
  ELEMENT: '00000000-0000-0215-ffff-ffff00002bf2'
}
2026-08-09T20:37:07.798Z INFO webdriver: COMMAND isElementDisplayed("00000000-0000-0215-ffff-ffff00002bf2")
2026-08-09T20:37:07.798Z INFO webdriver: [GET] http://127.0.0.1:52955/session/e8779fab-a5d2-4a49-9995-b05a1bf4f31f/element/00000000-0000-0215-ffff-ffff00002bf2/displayed
2026-08-09T20:37:08.164Z INFO webdriver: RESULT true
2026-08-09T20:37:08.164Z INFO webdriver: COMMAND findElement("-android uiautomator", "new UiSelector().resourceId("wishlist")")
2026-08-09T20:37:08.164Z INFO webdriver: [POST] http://127.0.0.1:52955/session/e8779fab-a5d2-4a49-9995-b05a1bf4f31f/element
2026-08-09T20:37:08.164Z INFO webdriver: DATA {
  using: '-android uiautomator',
  value: 'new UiSelector().resourceId("wishlist")'
}
2026-08-09T20:37:09.098Z INFO webdriver: RESULT {
  'element-6066-11e4-a52e-4f735466cecf': '00000000-0000-0215-ffff-ffff00002bf2',
  ELEMENT: '00000000-0000-0215-ffff-ffff00002bf2'
}
2026-08-09T20:37:09.100Z INFO webdriver: COMMAND elementClick("00000000-0000-0215-ffff-ffff00002bf2")
2026-08-09T20:37:09.100Z INFO webdriver: [POST] http://127.0.0.1:52955/session/e8779fab-a5d2-4a49-9995-b05a1bf4f31f/element/00000000-0000-0215-ffff-ffff00002bf2/click
2026-08-09T20:37:09.415Z INFO webdriver: RESULT null
2026-08-09T20:37:09.415Z INFO webdriver: COMMAND findElement("-android uiautomator", "new UiSelector().resourceId("back")")
2026-08-09T20:37:09.415Z INFO webdriver: [POST] http://127.0.0.1:52955/session/e8779fab-a5d2-4a49-9995-b05a1bf4f31f/element
2026-08-09T20:37:09.415Z INFO webdriver: DATA {
  using: '-android uiautomator',
  value: 'new UiSelector().resourceId("back")'
}
2026-08-09T20:37:09.858Z INFO webdriver: RESULT {
  'element-6066-11e4-a52e-4f735466cecf': '00000000-0000-0215-ffff-ffff000034a5',
  ELEMENT: '00000000-0000-0215-ffff-ffff000034a5'
}
2026-08-09T20:37:09.860Z INFO webdriver: COMMAND isElementDisplayed("00000000-0000-0215-ffff-ffff000034a5")
2026-08-09T20:37:09.860Z INFO webdriver: [GET] http://127.0.0.1:52955/session/e8779fab-a5d2-4a49-9995-b05a1bf4f31f/element/00000000-0000-0215-ffff-ffff000034a5/displayed
2026-08-09T20:37:10.614Z INFO webdriver: RESULT true
2026-08-09T20:37:10.615Z INFO webdriver: COMMAND findElement("-android uiautomator", "new UiSelector().resourceId("back")")
2026-08-09T20:37:10.615Z INFO webdriver: [POST] http://127.0.0.1:52955/session/e8779fab-a5d2-4a49-9995-b05a1bf4f31f/element
2026-08-09T20:37:10.615Z INFO webdriver: DATA {
  using: '-android uiautomator',
  value: 'new UiSelector().resourceId("back")'
}
2026-08-09T20:37:10.638Z INFO webdriver: RESULT {
  'element-6066-11e4-a52e-4f735466cecf': '00000000-0000-0215-ffff-ffff000034a5',
  ELEMENT: '00000000-0000-0215-ffff-ffff000034a5'
}
2026-08-09T20:37:10.639Z INFO webdriver: COMMAND elementClick("00000000-0000-0215-ffff-ffff000034a5")
2026-08-09T20:37:10.639Z INFO webdriver: [POST] http://127.0.0.1:52955/session/e8779fab-a5d2-4a49-9995-b05a1bf4f31f/element/00000000-0000-0215-ffff-ffff000034a5/click
2026-08-09T20:37:10.722Z INFO webdriver: RESULT null
2026-08-09T20:37:10.723Z INFO webdriver: COMMAND findElement("xpath", "//*[@resource-id="tab-profile"]")
2026-08-09T20:37:10.723Z INFO webdriver: [POST] http://127.0.0.1:52955/session/e8779fab-a5d2-4a49-9995-b05a1bf4f31f/element
2026-08-09T20:37:10.723Z INFO webdriver: DATA { using: 'xpath', value: '//*[@resource-id="tab-profile"]' }
2026-08-09T20:37:10.792Z INFO webdriver: RESULT {
  error: 'no such element',
  message: 'An element could not be located on the page using the given search parameters.',
  stacktrace: 'NoSuchElementError: An element could not be located on the page using the given search parameters.\n' +
    '    at AndroidUiautomator2Driver.findElOrEls (C:\\Users\\Pedro\\Desktop\\repositorio\\ATD_Mod17-Mobile\\node_modules\\appium-uiautomator2-driver\\node_modules\\appium-android-driver\\lib\\commands\\find.ts:86:11)\n' +
    '    at processTicksAndRejections (node:internal/process/task_queues:105:5)\n' +
    '    at AndroidUiautomator2Driver.findElOrElsWithProcessing (C:\\Users\\Pedro\\Desktop\\repositorio\\ATD_Mod17-Mobile\\node_modules\\@appium\\base-driver\\lib\\basedriver\\commands\\find.ts:60:12)\n' +
    '    at AndroidUiautomator2Driver.findElement (C:\\Users\\Pedro\\Desktop\\repositorio\\ATD_Mod17-Mobile\\node_modules\\@appium\\base-driver\\lib\\basedriver\\commands\\find.ts:76:12)\n' +
    '    at runCommandPromise (C:\\Users\\Pedro\\Desktop\\repositorio\\ATD_Mod17-Mobile\\node_modules\\@appium\\base-driver\\lib\\basedriver\\driver.ts:123:16)'
}
2026-08-09T20:37:10.794Z INFO webdriver: COMMAND findElement("xpath", "//*[@resource-id="tab-profile"]")
2026-08-09T20:37:10.794Z INFO webdriver: [POST] http://127.0.0.1:52955/session/e8779fab-a5d2-4a49-9995-b05a1bf4f31f/element
2026-08-09T20:37:10.794Z INFO webdriver: DATA { using: 'xpath', value: '//*[@resource-id="tab-profile"]' }
2026-08-09T20:37:35.628Z INFO webdriver: RESULT {
  'element-6066-11e4-a52e-4f735466cecf': '00000000-0000-0215-ffff-ffff00000047',
  ELEMENT: '00000000-0000-0215-ffff-ffff00000047'
}
2026-08-09T20:37:35.630Z INFO webdriver: COMMAND isElementDisplayed("00000000-0000-0215-ffff-ffff00000047")
2026-08-09T20:37:35.630Z INFO webdriver: [GET] http://127.0.0.1:52955/session/e8779fab-a5d2-4a49-9995-b05a1bf4f31f/element/00000000-0000-0215-ffff-ffff00000047/displayed
2026-08-09T20:37:35.641Z INFO webdriver: RESULT true
2026-08-09T20:37:35.641Z INFO webdriver: COMMAND elementClick("00000000-0000-0215-ffff-ffff00000047")
2026-08-09T20:37:35.641Z INFO webdriver: [POST] http://127.0.0.1:52955/session/e8779fab-a5d2-4a49-9995-b05a1bf4f31f/element/00000000-0000-0215-ffff-ffff00000047/click
2026-08-09T20:37:35.719Z INFO webdriver: RESULT null
2026-08-09T20:37:35.719Z INFO webdriver: COMMAND findElement("xpath", "//android.widget.TextView[@text="Silva John"]")
2026-08-09T20:37:35.719Z INFO webdriver: [POST] http://127.0.0.1:52955/session/e8779fab-a5d2-4a49-9995-b05a1bf4f31f/element
2026-08-09T20:37:35.719Z INFO webdriver: DATA {
  using: 'xpath',
  value: '//android.widget.TextView[@text="Silva John"]'
}
2026-08-09T20:37:36.426Z INFO webdriver: RESULT {
  'element-6066-11e4-a52e-4f735466cecf': '00000000-0000-0215-ffff-ffff000034d0',
  ELEMENT: '00000000-0000-0215-ffff-ffff000034d0'
}
2026-08-09T20:37:36.427Z INFO webdriver: COMMAND isElementDisplayed("00000000-0000-0215-ffff-ffff000034d0")
2026-08-09T20:37:36.427Z INFO webdriver: [GET] http://127.0.0.1:52955/session/e8779fab-a5d2-4a49-9995-b05a1bf4f31f/element/00000000-0000-0215-ffff-ffff000034d0/displayed
2026-08-09T20:37:36.438Z INFO webdriver: RESULT true
2026-08-09T20:37:36.439Z INFO webdriver: COMMAND isElementDisplayed("00000000-0000-0215-ffff-ffff000034d0")
2026-08-09T20:37:36.440Z INFO webdriver: [GET] http://127.0.0.1:52955/session/e8779fab-a5d2-4a49-9995-b05a1bf4f31f/element/00000000-0000-0215-ffff-ffff000034d0/displayed
2026-08-09T20:37:36.449Z INFO webdriver: RESULT true
2026-08-09T20:37:36.451Z INFO webdriver: COMMAND deleteSession()
2026-08-09T20:37:36.452Z INFO webdriver: [DELETE] http://127.0.0.1:52955/session/e8779fab-a5d2-4a49-9995-b05a1bf4f31f
2026-08-09T20:37:37.464Z INFO webdriver: RESULT null
